board,winner
OX OXOXXOXOOXOOXOOO XXXX ,0
XOO XXOOOXOOOOXXXXOOOXXXX,0
XOXOXOO XOXXXOOOOOXOXXXOX,0
 OXXXOOOOXXOXXXXOOXOOOX X,1
OXOO OXXXXXOOXXOOOOOXXXXO,0
XXXXOOOOXOOXOOOXXXOX OXOX,0
OOXX OXOX XOXXO OOXX OXXO,1
OXXXOXXOOO XXXOXOXOOOXX O,1
 OX O OXXO  X  OXX O X OX,1
O XO OX OXXO  XXXOOXXOO X,1
XOXOOOXXOXXOXXOO XXXO OOX,1
 OXOXX O XX OOOXOXOXOO XX,0
OXXXOOOXOOOOXXOOXXXOXXXXO,1
  OXOX XXXO XOO OO XOX XO,0
   XXXOOXO XOX OOXXXXOOOO,0
XX OOOOOOXXXX OOO XXXOOXX,0
 OOOXXOXXXOXOXXOOOXX XOXO,1
OOOOXXXOXXOXXXOOXOOXOOX X,0
 OXXOXOXO OX OXOOOXX OX X,0
XOXXOXXOOXOXXXOOOXXX OOOO,0
OOXXXOX XOOOXOXOXOOXOX XX,1
O XOOXXXOOO XXO OOX XXXXO,1
OX OOXOOXOOXXOOXXXXOOXOXX,0
XOOOXOOOOXXXOXOXXOXXX X O,1
OO  OXXXOX OXOXOOOXX X XO,0
    XXOOXOO X    X OXXO  ,1
XOOXOOXOOXXXOXXXOXOX OOOX,0
XXXOXOXX X  OXOOOXX OOXOO,1
 OOX X OXOOOX  X XO  X  X,1
OOXXXXOX XOOOXXX XOOOXOOX,1
OXXOOOOOOX XOXXXOXXOXOXOX,0
XOX OOXO XXOXXOXXOOXOOX O,0
XOXXOX X  XX OOXOOOOXXOXO,1
OOXOXXXXXO OOXXOXX XXOOOO,1
OXXOOO XXXXOXOXO  XOXO XO,1
OOXOXXOOOXX  X XXX OX OO ,1
 XXOX O OOXXO OOOXXX OXOX,0
XO XOXX X OXO O XOX X  OO,1
XOOXOX OXOXOXXXOOXXO OOXX,1
OXOOOX OXXXX XOOXXOXXXOOO,1
 X   XX OOO OX OOOX OXXX ,0
XOX  O XOXOOOO  XXOOXX  X,0
   X XXOX O  X   OXOOO X ,1
X OXXOOXOOOXOXXXOOXOXXX O,1
XOOXXXO  OXXXOXOOXXXOXOOO,1
 OXOOOXXXOOOOXXXOXXOXO XX,1
 OXX  XX XXOX   OOOOO  XO,0
XOOOXXXOO XX XXXOXOOXO  O,1
XOOOXXOX OXXXXXOOXXOXOOOO,0
XXOOXXOXOOXXOOXXOXXOXOXOO,1
O X O XO  XX OO X   X    ,1
OXXOOXOOX XOXOOXOO XXXXOX,1
O   XO O XX OXO X XXO  OX,1
XX XOXOXO XOOXOO O  XO  X,0
XOXOOX X XOOXX OOOX XOXOX,1
  XOXOX X XX  XX   OOOOOO,0
OXOXXXOOOXOOXOXOXXOXOOXXX,1
XOOXXXXX OXOXOX OO XO OO ,0
OOX  XOXXXOOXOX  XX OO XO,1
OXOXXOXXOXOOOXOO X XOXXOX,1
XX XXOO XX XXOOO  O OOO X,0
XO XO OXOOOX  XOXOXXXXO  ,1
OXXOOXX O XOOOXOXOX XXOOX,0
XOXO XX OO X O XXXO OXO  ,1
XX XO XOOXX OX  O   OOXO ,0
OX  X O  X   X O XOO X   ,1
OXXOO  OO  OX XO XX XXXOO,0
OOX XOXOOOXXXOXOXXXOOXX O,1
OXXXXXOXOOOOXXXXOOXOXOOXO,1
XXXXOXOOOXOO XOOOXOOOXXXX,0
XOXXOOOOXXOXXXOXXOOOOXXOX,1
OOXO OOXOOXXX XX  O X XOX,1
  XO O XXXXOXOXOOOOXOXOXX,1
XOX OOOOXXOOOOOOOXXXXXXXX,0
O OOXX XXOXOOXOXXOXX  OXO,1
 XXXXOOXXXOOOOO XO OOXXOX,0
XOO XXOOOX O  X XXXO  X O,1
OOOXXXOOXX XOXOXXO  XXOOO,0
OOX XXOXXXXOXXOOOOXXXOOOO,0
XO XXXXXOO OOXXXO OOOXOOX,0
 OOXXXOOOXXXXXX XXOOXOOOO,1
  XOO XXXXOOOOXOXOX XOOXX,1
OOXXXXOOXOXXOXOXXOXOOOXXO,1
OXOOOOXXOXXXOOXOXXXXXOXOO,1
OXXO XXXOX OXX XXOOOXO OO,1
XXXOXXOOOOOXXOXOXOXX OXOO,0
OXOOXOXOXOOX OXXXX OXOOXX,1
O OX OOOX  XOXXXXXXOOOXXO,1
OXOOXOXXOOXX X OXXXOOX O ,1
OXOXOXXXOXOOOOXXO OXX OX ,0
XXXOXOXXOXXX  XO XOOOOOOO,0
OXXX     OX O OOOOOXXXXXO,0
XXOXXO X XOXOOXOOOXOOXXXO,1
O OXOOXOOOXOXXXOXXOXXXXOO,0
OOOXOOOXXOXOXXXXXOOXXXXOO,1
OX XXX O  X XOOOOO  XO X ,0
XOXOXOXXOOXOXOXXOOO X XXO,1
 XX XXOO OXXOOXOXXOXOOX O,1
O XOOXXXXOXXOXOOOOOXOOXXX,0
XXX O OXOX OXXOXO XOO X O,1
XXOXOXOOOOXXOXOOXXXOOXOXX,1
OOXOOXXXXXOOXXOOXOXOXXOOX,1
XOXXOOOXOOXXOOO XXO X XX ,1
OXOXOXXOOOXOXXXXOXXOOXO O,0
XOXXOOOOO XOXXOOXOXX  XXO,0
XXX     OOOOXXOXOOOXXO  X,0
OOXOOOOOXXO XO  XXXXOX  X,0
OX  OXOOOOXXXXXX OOXXXOO ,1
 XO XX OOXXOXXOOOOOXOXXXO,0
  O X X OXXOOXXOOOXXXXOOO,0
   XXO X  OOOO X XOOXXX O,0
OO OX O  XXXOOX X XOXOOXX,1
 OX  OOOOO     XX OXXX X ,0
XOXXOOXXXXOXOXO XOXXOOOOO,0
OXXOXXXOXOOOXOOXXXXOOXOXO,1
OOXOO OOXXXXXOXOXOOOXXXXO,0
XOOXXXOOXXX OX OOX XOOX O,1
OX XOOX OXXXX OOXOOOXXXO ,1
O XOXOO XXXOXX  O XXOOXO ,1
OXXXOXOXOXOOOXOXXXXO XOOO,0
XXXXXOXOOO XOX OOOOXXOXO ,0
XOO XOOX XOX XXXO XOXOOXO,1
XXXOOOXOOXXO XXXXOOOOOOXX,0
XOXXXOOOOOXXOOXXXOO XOXOX,0
XX OXXOOXOOXOOOOXOXXXXXOO,0
XOXOX XOXOOOX OXXOOOXOXXX,1
O OOXO XXXOX XOOXXXOXO XO,1
XXXOX OXOOOXXXXOXXXOOOOOO,0
OXOX OXOOXXXOO X XOOX XXO,1
OXOOXXXOOOOXXXXOOXXXOXXOO,1
OO XOOOOX XXXXXOOOXXOXXXO,1
 OO X OX XXOOXXOOOX    XX,1
XOXXXOOOXOXOOOXO OOXXXOXX,0
XOOOXXXXXXOOO  OXOOXXX OO,0
  XXXOOX O  XXO O XO  OX ,1
OO X X XX      XXOOOOOX  ,0
OXOXXOOXOOOXOXOOXXXO X XX,1
   X O  X XO X  OXOO X OX,1
OO XXOXOXXXX OO XXOXOOOXO,0
  O X X XO XXO   O XOOO X,0
OXXOX OXOOO XOOOXX  XOXXX,1
OOXXXOOOXOXOXOXXOXX   OX ,1
XXX XOX O OOXXXXOOO XO OO,0
X OOOXOXO  OX  OOXXX  OXX,0
OOXOXXXOOOXOXXXXOOOXXOXOX,1
XOO XX XXXO OOOOOX XO OXX,0
XX O XXOOOXXXOXOXOXOOO OX,0
XOXXXOOXOOOOXXXXOOXOXOXXO,1
OXOXOX  O XXOOXX OOXX  OX,1
X XOOOXOOOXOXXOXXOXO OXXX,1
OOXXXXOXXOXXO OXOOXXXOOO ,1
OOOOXXXXOOXOOOO XX  XOXXX,0
OOXOOOXXOO XXO OXXXXX O X,1
X XXOX XOO OOOOOX  XXOX  ,0
X OOOX X X XOOOOOX OXXXOX,0
X    X  OOXOO  XOX  O X  ,0
O  OXX OXOXXOOXXOXOOOOXXX,0
O  XOOOXOOOX    XO XXXX X,1
O OXOOOXOXX XOXXXOXOXXOOX,1
XXXOX OX  OOXOOOOO XXO XX,0
  OO X X X XX XX XO OOOOO,0
OXXXOXOOXOOXX  OXOXOOXXXO,1
OXOXXXOOOXOXXXOOOXXXOXOOX,1
 XX   XOOXXOXOOO X OOOX X,0
OXOOOOXOXXXOOXOOX XX X OX,0
XXOXOOOXXXXOXXOOXXOOXOOXO,1
XXXXOXXOOOOXOOXXXOXXOXOOO,1
OXOOOOXOXOXOX XXXXOXOOX X,1
 O O O X  XX OOOOOXXOXXXX,0
OXO OX  OXX O XOO   X   X,0
OO  XXOO XOOOXX   XXX X O,1
XOOX XXOOOOXX  XXOOX X  O,1
XXOOXXOOOXXOXXOOX  XOXXOO,1
XXOXOOOOXXOXXOXXXOOXXOOOX,1
XO XXXOO  X OO XOO XXO X ,1
 X OX  OXX XOXOO XOXOXOOX,1
XXXOXOOOOOXXXXOOOX XOOOXX,0
OOXXO OXOXXOXXOOOX XOOXXX,1
 OX XO OX O X   OX XOX   ,1
OXXXO OXXX OOOXOOXXO XX O,1
OOXOXOOOOXXXXOXOXXXXOOXXO,1
OOOXOXO OX  OXXOOXXX XO X,0
XXOXOOXXXOXOOXOOXOXOOOXXX,1
 XXOXX  XXOOO X OOXOOX XO,1
OOXO XOXX O OXXO  XXOXO X,1
XXOXOXOXXOOOOXOOOOXXXOXXX,1
O OX OOXOXXXX O OX X X O ,1
O XXOXX O XXXO OOO OXO  X,0
XOO OXXOXOOX XXXOXXOX OO ,1
X XXXX  O O XXXOOOXOO OO ,0
OXOXXXXXOXOXXOOXOOOXXOOOX,1
XOOOXXXXO XOOXOXX XOXOXOO,1
 OOXXXXX OXXXOOXOXOXOOXOO,1
OOOXOXOXO XXXXXXOO XXOOOX,1
OOXXOXO OOOOOOXXXXXOOXXXX,0
OXXOXOOOXOOXXOXOXXOXXXXOO,1
OXOOOX XOXOXOXOXOOXXOXXOX,0
OXXOOXXO O XXX  OOXOX  XO,1
OOOXOO OOXXXOXXXXX  XOOXO,0
XX O   OOOXOXXOO   XX  XO,0
OOOOXXXXXXXOOXOXO XOXO   ,1
XXOXOXXOXX XOOX XOO XOO O,1
XOXOXXOOOOXOO XXXXXXO XOO,1
OXOOXOOOXXOOOXXXXXXOXXXOO,1
OXOOOXO X XXOX  XX XOXO O,1
XXO XXX OO XOXOOOXOXXXOOO,0
XOOXXXOXXOXOXX OOOOOXOXXO,0
XOXXOXOOXXOXOXOOXX XOX OO,1
XOOXO X XOXXXXOX X OOOXOO,1
XOXOXXOOOXXOOOOXOOXXXXXOX,1
OXXOX XXXOOOXXOXOXOXXOOOO,0
XOXOO XOOOXXXXXXOOOOOXXXO,0
XOOOXXO OXXXOOOOXO XXOXXX,1
OXOXXXOOOOXXXXOXOXXXOOXOO,1
X XOOOOO XOOXXXX XXO XO O,0
XOOXOOOXXXOXXOXXOOXOOXXXO,1
XOOX OXOOOOOXOXXXOXO XXX ,0
XXXOOOXXO OXOXOOOXXXXOXOO,0
OXOXOXOXOOOOXOX OXXXXX XO,1
 OXOXOOOXXO XXOXX O  XXO ,1
XXXOOOOO XOXXXOXO OX  X O,0
OOXXOOOXO OOOOX XXXX XXXO,0
XXXX OXOXOOXOX XOOOXXOOXO,1
OOOOOX X  X  XX XOXOO XOX,0
 XOX OXOXXXXOXXOXOOOOXXOO,1
X OXX OOXO OXX  XO OXO  X,1
OOOOXO XXOXOX OOOXXOXXXXX,1
 XXXOXXOXOOXOOXXO XOOOO X,0
OXXXXOOXXOOXOOXXXOOOXXXOO,1
XXXX OOOOOXXX  XX O OXOOO,0
X  X OOO XXXO   XOOOXO X ,0
OXXOXOXXXOOX OXOXOOXOOXOX,0
XOOOXXOXX XOXOXOXO OXOXXO,1
XOXXXOOOOXOXOOXOOOOXXXXXX,1
XXXXXXXXOOXOOOOXOOOOXOOXX,1
 X XXXOXOOOO OOXOOX XXO X,0
OOOXOXOXOXXOX  OOXOOXXXXX,1
O XXXOXXOOXOOOX O OOOXXXX,0
XOXOOOXXXOXOOOXXXOXOXOXOX,1
XXXOO  O XXOXXOO XX O OO ,0
OXXXXOX XXOOXXXOXO OOOOO ,0
OOXOXXXXOXOOXOOXXXOXXOOXO,1
 XOXOOXOOXOO X O  XOXXXXO,0
XOXOXXXXXOXOOXXOXOOXOOOXO,1
XXXXOXOXOOXOOOX OOOOOXXXX,0
XOOOOXXXXXOXO XOX XOOOXXO,1
X  O X   X   OOOOOX X  X ,0
  XXX XXXOOOOO X O X OOXO,0
OXXOX XOXOXOXOXX OXOOOO X,0
X  OXO XX X X O OXOXOXO O,1
O OXO OXXXX XOXO  XOX OXO,1
XOOOXXOOOX  XX OXXOX XOXO,1
 OX OXXX O OX OX XX OO XO,1
XOOOOO  XXXOXOOX XXX X OO,0
XX OXXOX  OXXOOXOOXOOOXXO,0
XX OOXOO   OO  O OXXX X X,0
 O  XXO OX   XO  OXOOX XX,1
XX  OXXOOXOOOXXXOXOOXO XO,0
 OOOXO XX XXOXOXO  OX XOX,1
O XXXOXX OXO OXX OOXXOO  ,1
OOOXOXXXXXXOXXXOXOXOXOOOO,1
XOOX OXX OOXXXOOXXXOXXOOO,1
OXOXXOOOOXOOXX XXXO XOXOX,1
OOOXOXXOO XOOXXXXO  XOXOX,0
OOOXXOOOXXXXXOOXXOXOOXXXO,1
OOOOOXXOOXXXXOXXO OXOXXXO,0
O  XXO  XO XXO XXOOX XO O,1
XOOXXOXOOXXOXOXX OOXOXO X,1
OXO O XX O XXXXO  XOO OX ,1
XOXOOXOXXOOOXXXXOO OXXOOX,0
O  OOOOOO   XXX  XXX    X,0
OXOX OX XOOO XXOXXXXXO OO,1
 XXOXXXOXO  XOX   XOOOOO ,0
OX XOXOOOX O XXOOO  XX  X,0
X OX XXX  O XXOXXOXOOOOOO,0
XO    X  XXX    XOOOOO   ,0
OXOXXOXXOXO OXOXXOOOOOXXX,0
XX XOOXOOOOXO OOXXXXOOXXX,1
XOOXOOOXOXXXOOOOXXOXXXXXO,1
O XOOXOOXOOX XX XOXOXOOXX,0
OXXXXXOOXOXXOOXXOXOOXOOOX,1
OX OXXXXOO  XXO X XOO XOO,1
 O OXO   X   XX   OXX OOX,1
XO XXOX XXXXO O O OXOOOOX,0
OO XXXOXXXXOXOO  XXOOOOOX,0
XOXOOXOXXXXOXOX OOOXOOX X,1
X  O XXXXXOXO XOO XOOOOX ,1
OO XOOOOOXO XOXXOXXXXOXX ,0
XOXXX XOXOX   X     OOOOO,0
OOOOX OXXOO XX O  XO XXXX,1
OXXOXXOOXOXOXXO OOX XOXOX,1
 X  OXX  OX OO X X  XO O ,1
OXXXOOOOXOXOXOXOOXXXOXXXO,1
XXX OOOOO OXO XX OX X X O,0
OXOXOXXOXXO XXXXOXOOOXO O,1
O OOOOOX OO OOXX XXXX XXX,0
OXOXOOXOXXOOXXXXOXXOXOOXO,1
XOXOXXOOO O OOO XOXOXXXXX,0
O XXXXOXXOOOXXXOOOOOXOXOX,0
XOOOXOOXOX  XXXXOOOXOOXXX,1
X OOX XXXOOXXXXOOXXOOOOXO,1
X  OXO  OX   XOOXX OOXOXX,1
X  XXOOXXO XXOXOOOO  O X ,0
XXXOXOOOXOXOX  XOXOOXXOOX,1
XXOOOX OX OOXX OXOXOXXOOX,0
OXOOOXXOXOXOXOXXOXOXXXOOX,1
OXXOX OXXXXOOOXOXOOOXOXXO,0
OOXOOXXX OO XX XXOO XOXOX,1
 X XXO XX  OOOOOO  X   X ,0
OOXOXOXXOXX OXXO OOXOXXXO,1
OO  X X XXXOXOOOX OOXOX X,1
XXXOOXXOOXOXXOXO XXOOOOOX,0
OOXXXOOXOOOXXOOXOOXOXXXXX,1
XOXO OOXXXXOXXOOX OOOXXOX,1
XXXOOO  OXXO OXXXXOXOOOOX,0
OXOOXOXXXOOOOO   X  XOXXX,0
OOOOXOO  X OXXOX OX XXXX ,1
XOXOOOXOOXOOXXX XXOOXOOXX,0
XOO OXXXXOOXOXXO OOXXOOXX,1
XX XOXOXXOXXOXXXOOOOOOOOX,0
OXOOOOOXOOXXXXXXO XOXOXXO,0
XOXXXOXOXOOOOOXOXXXXXO OO,0
XO  XXOOO XX OO OOX OX XX,0
OOXXXXOXOXXO XXOXOXXOOOOO,0
OXX XXX  XOXOOXXOOXOXOO O,1
X X OXX OOX OXOXOOOOXXXOX,1
XXOOXOXXXOO XX OOXXOOXOOX,1
OXOXXOOOXXOXXOOXXXXOOXOOX,1
XO  OXOXO XOX XXX  OOXXOO,1
XXOXXXX  XO  OO OO OOOX X,0
X XOOOOOXOX XOOXXXOOXXX O,0
OXXO XOOOOO XX X XO XOXOX,0
XOX  O XOOXXOXXXOXOOOXOXO,0
  XOXOX XX OOXOOXXXOOX O ,1
OXXOX OXXXXOOXOOOX XOXOXO,1
XOO  XXXOXOOXOOOOXXXXXXOO,1
XXXXOO XO XOXOOX XXOOOOOX,0
OOXOXXXOO  X  O XX X XOO ,1
OXOOXOOXOO OXXO  X X XXXO,0
XXXOOOXXXOXXOXOXXOXOOOOXO,1
XXOOOOXXOXXXXXOOXOXOOOXXO,1
XOOO X X  X O XX OO X OX ,1
OOOOXX OXOX  X X XXXOOO X,1
OXXOXXOOXOXXOXOO XOOXOXX ,1
 XO OXX  O XOO X   XXXO O,1
OOOOOXXXXOOXXXXXOXXXOO OO,0
XXOXO XXXXOXOO OXOOXOXXOO,1
XXX O OOOOO   XOXX  X XO ,0
  XOOXX OXOOOXXOO X  O XX,0
 OXOO OOXOOXXO XX OXXOXX ,0
OOOXXOXX OXXOXOOXXOOO XXX,1
XOXOOOOXOOXOXX X XOXXXOXO,1
OXOXOXOXXOOXOOXOXOXXOXXXO,1
XOXOOOOOXXXX XXOXXOOOXXOO,0
XOXOXOOXXXXXOOOOOOX XXOXO,0
XOXOOOXXOX XOXXXO   XOOOX,1
OOO XX  X XXXXOXX O OXOOO,1
OOOXOX OOXOXXXOOOXXOXXXXO,0
X OXOOOX OXXXXOXOXXOOOXOX,1
XX OOXOOXXOOOXX OXOOX X  ,0
OOX X  X  O XOOOX XOXX XO,1
OO OX OO X XXXX OX XO X O,1
OOXO XXOO XOOOOXOXXOXXXXX,1
XXOXXOOOOOXO XXOOXXX OX O,0
     XXOOOXO XXO X XOOXO ,0
  OOO XOX OOXOO X  XXXXXO,0
X XXO   O OOO  XOXXXOXO  ,0
OXX OO XXOXOXXOOOXO XOXX ,1
 OXOOOOXOXXXOOXXX OXXXOXO,1
  XXOO   X X XOOOOO  X X ,0
XXOOOOXXOO XXOOOXXXXXO   ,1
OOOOX X XOOXX XO XX  OXOX,1
 XXOOXOOOXXOOX X OOXOOXXX,0
X X O XOOXXXOOOXO  XO OX ,0
XOOXXXO X  X XOOOOOX XOXO,0
XOOXOXOXXXOXXOOOOOXOXXOX ,0
 OXX X XOOXXXXOOOOOOXOXXO,0
XXXXOOXXOXXOOOOOXX OXOOOX,0
XXXXOO XXOOOOOOXXXXOOXOXO,0
XOXO XXXOX  X OO XO OXOOX,1
 XOXOXOXOOOXXXXOXOXXO OXO,1
XXXXOXXOXXOOXOXXOOOXOOOOX,1
OO OOXOOXXXO OXXXXOOXXXO ,0
OXX X  OOOXXOOOXOXXOOXXXO,0
OOOOOXOXXOXOXXOXX  OXXO X,0
XOXXXOOO XXOOOOXXXXXOXOOO,0
 OXX  OXXOXXOO XXXOOO X O,1
XOOXOXXOXOXXOXOXOXXOOOOXX,1
X OOOXXOXOOX OOXXOOXXXXOX,1
OOXOOOOXOXXOXOXXOXXXXOXOX,1
OOX   XX OOXXOOO XX  OX X,1
XXOX OOOOXX O OX OOOXX XX,0
XXOOXXXXOOOOXOOXOXXOOOXXX,1
OX XOX   XXXXOOOOOO OXXXO,0
O XOX XOOXX XXXOOOOXXO OX,1
XO  OXXO OOXOXX XOOOXXX  ,1
OOOOXXOXXXXOOOXOXXXOXXOXO,1
XXOXOXOXXO XXOOOXOOOXXO X,1
XXXOO XXO XOOOXXOOOXXOXXO,1
OXOXO XXOOOXXOXXXOXXOXOO ,1
OXX OXXOOXOXXXXOOXOXOOOX ,1
OOOXOX XXOXXO XOXXXXOOXOO,1
OO X XOOOXOOXOOXXXXXOOX X,0
 XXOOOOOX XOXOOOOX XXOXXX,0
X XOO XO  XXO  OOXX OOXOX,0
OXOOXOXXOOXOOOXXXXOXOOXXX,1
OXXOXOX XXOO XXOXOOXOOOXX,1
OOXOXOOOXXOXXXXXOOOOOX XX,0
OXOOOOXXXXXXXOOXOXOXXXOOO,1
OXXOXOXOXXOXXOXOOOXOOXXOX,1
XXXOXXXOXOOX OOOXXXOOOOX ,1
OXXXX OOOXOOXOXXOOXOXOX X,1
X XOOXXOX O OOXOXOXXOOXXO,0
OOXOXXXXXOXOOOOOX XOX OX ,0
X O X XOXOOOX OOXOOXOXXXX,1
XOOXXOX  XXOOXOXOXXOXOOXO,1
OXXXOOX OOXOXOXXXOOOXO XX,1
XOOXXXOOXOXOOXXOOXOXXXOOX,1
XXXXOXXXOOXOOOOOXXO OXXOO,0
X  O X  O XXO O XOOXOOXX ,0
 X O XXXXOOXXOOOXXXOXOO O,1
XOOXOXOXXOX XXOOOOXO XXOX,1
XOXXOOOXXXXOXOXXOOOOOXOX ,0
 X XOXXOXOOOXO XX XO XO O,1
O XOOXXXO OX XOOX XOXOX  ,1
O OOXX X XO O XOO XX XXO ,1
XOOXOXOOXOOOOXXOXXXXXOOXX,1
O XOOXOOXOOXOX XX XOOXXOX,0
O O OXOXOOOOOXXXX OXOXXXX,0
XOO O XXXOOOXOXXOOXX OX  ,0
XOXX OOOOOO X   XX  XOXOX,0
OXXXOOXOOXXOXO XOXOXOOXOX,0
XXX X OOXXOOOOOXX OO  XOX,0
XXXXOXX OXOOO OXOXOX OXOO,0
XX X OOX X OXOOOX XOOXO X,1
XXXOXOX OOXOXOXXXOO OXOXO,1
 OXOX   X OOX OXXO OOX XX,1
XOO XXOOOXXXXXX O OXO OXO,1
OXXOXX  X XOOOOO XX O    ,0
OXX XXXXOOXOOOOOXXO XOXO ,0
O XXOO X XOOXXXXOXOOXOOOX,0
X   X XXXXOOOOOX  O    O ,0
XXOOOOXOOXXOOXOXXXXOXXOOX,1
OXO XOXXOXX OOX XOX OXXOO,1
XOO XX  O XX  OOXXX XO OO,1
X  X  X XOOOXOXOOOX XOOX ,0
XXXO  XOOOXO OOXXOXXOO  X,0
XXOO XOOXOXOOXOXXXOXOOX X,1
XOOOXOOXOXXXOXOOOXXXXXXOO,1
XOOXXXOO  XXOOXOXOXXOXOOX,1
OOXXOOOOXXOOOXXOXXOOXXXXX,1
 O XO OX OOXOX XXXXX OXOO,1
 OOXO OXXXO OXXOXX  O X  ,1
 XOOXO   X OXXOO OX  XXOX,1
O    X O XXXXO OOOOO XX X,0
OOXOOOXXXOOXOXXXOXOXOOXXX,1
OXX XXXXXO OOOXO O  OOXXO,0
OOXOXXXOXX XOOXXXXOOOXO O,1
X O OXOXOOXOO  O X XXOXX ,0
XOXXO OOXXXO XOOO XOXXOX ,1
XX XOOXXOOXOXX OXXOOXO  O,1
X OXXXOXX O XO OOXOOOXXOX,1
XX XXOOOX OXXOOOXXXXOOOXO,1
OXXOOOOXXXOXXXOXOXOOXXXOO,1
XXXXOOXXOXXOOOXXXOXOOXOOO,1
X X XXOOX OO OOOOO XX X X,0
XXXOOXXXXOOXOOOOXXOOXOOXX,1
 XOX XXX XX OO  OO OOXOOX,0
 OX XXOXO OX  OOX O  XXXO,1
 XX OXX OOXOOX XXOOXOO OX,0
XXOXO XOXXOOXXOOXOOXOX OX,1
OXXXOOXOXOXOXOXOXXXXOOOXO,1
XOXX XXXX OXXOO XOOXOOOOO,0
 X O XOOO X   OXXX  XO XO,1
 OXXX OOXXOXOOXOOXXXXOOOX,1
  XX   OXOO X  O XXO  X O,1
XOOXOXXXOXOO OOXXOXXOOXOX,0
 OXXOXX   OX  OX   OXO   ,1
 OXXOXXXX OXOOXXOOOOXOXOX,1
OXXXXOO XXXXOOOXXOOXOOOOX,0
XO XXOX OXXO OOOOOOXXXOXX,0
XXOOO  XOXOXXOXOXOXOOO XX,0
O XX O OX OXOXO XXOXXO OX,1
XOXOOOOXOXOOXXOXXXOXOXXOX,1
XO XOXXOOX O OXXXXXOOOOOX,0
O  OXXX X XOOX  XXOOXOXOO,1
  X XXOOXOOOX XOX O XOXXO,1
XXXXOOOXXXXXOXOOOOXOXOOXO,1
OO X OOOXOO XOXXXXXXX   O,1
XOOXXXOOOXOXOOXOXOOXXXXOX,1
 OXXOXXXXXOO XO  XO OXO O,1
XOXOOXOXOXXXOOOXOXXOXOOXX,1
 XOOXX OXXXOXXXO OOX OOXO,1
XO XXOXOXXO OXOOOXOXXXO  ,1
XOOX OXOXO OOOOXX XXXXOOX,0
XXXX  OOXOO  XOXOXXOXOOXO,1
XXOXOOXOOOXOXXXXOOOXXOXOX,1
OXOXXOXOXXXOOOOXOXXOXOXXO,1
XXXOOOOX OOOOOXX X XXXXOO,0
XOX  OXOO X O XX    XO XO,1
X  X   O O XOO OO     XXX,0
XOXXXOOOXOXXOOO XXXXOOOOX,0
O OX X  X OOXOXOXXOXX OOX,1
XO OOXXXXXOOXOXOXOXOXO OX,1
OOOOXXXX XO XXOOOXXOOXOXX,1
OOXOXOOOOXXOOOXXXXXXX XO ,1
XXXOX OOOXOOOX XOOXXXXOXO,1
XOXXOOXOOXXXXXOXXXO OOOOO,0
OXOXOOOOX OXXOOXOXXXOXXX ,1
XOOXX OXOXOXXXOOOOOOXXXOX,0
X OXXOX X OO X  OOOOX   X,0
XXOOXOXOOXOXOXXXXOXOOOXOX,1
OXXO   XOXXOXXOOXOXOOXO X,1
 OOOXOOXOOXO X OXXXX X OX,0
XXXOOOXOXX OOXXO X OOOXOX,0
OXXOO XOXOOOXOXOXXXOOXXXO,0
XX OOXX    XO  XOOO XOX  ,1
XXX OX OOXXXOXOOXOXOOXOXO,1
OOX OX OOOXOX XXO XXO  X ,0
OXOXOXXXOXXX OOOXXOOOXOX ,1
XXOOX OOXO OXOXO XXOX XXO,1
XXOXXOXOOXXOXOOOOX OOXXXO,0
XXXOXO XXXOXXOOXOOOXOOOOX,0
OXOOOXXOXOXOXXXXXOXOOOXXO,1
XOOOOOXXXXOXXO XOOXXXOOOX,0
XXXX O XOXXOOXXXOOO OXOOO,0
 X OXXXXXOOOOO  OXOOOXXX ,0
OXOXXOOOXOXOXXXXXOOXXOOOX,1
OOXOOOXXXOXOXOXOXXXXXXOOO,1
XXOO OXXXOXXOOXXXOOXOOXOO,0
O   X XXXOOXXX XOOOOOX O ,0
 OOOOXXOOX O  XOXXXXXOOX ,0
OOXOOXXXXX OOOXOXOOOXXXXO,0
OOOX OXOXOXOOOXXXX OXXX O,0
 X XO XXOXO  XOXOOOXO    ,0
XOOOXXXXXOOOX XOOOOO XX X,0
X OOXXXXXOXXOOXOXOXOOOOOX,0
 X XO OOO OXX   OOXX XOX ,0
XXOXXXXOOOXOXXXXOOOOXOOXO,1
X XX OOXX OXO O XOO XXO  ,1
OOXXXXOOOXOXXOXXXO XXOOOO,0
XXOOXOXOXOXOXOOOOXXXXXOOX,1
O XXOOO XOOXXXXOOOX  XX  ,1
X O OXXO OXXOOXXOX XOX OO,0
OOOXOOXOXX OOOX XXXXXXOXO,1
  OOOXOXO OXX OOX OXX X X,0
O  X XX  X   XOXO XXOOOOO,0
OX O XXOO XXXOO XX XX OOO,1
XOXXOXOXOXXOOXOXXOOXOXXOO,1
XXXOOOOXXXX O XO OOXOX OX,1
XOOXXX OO XXOXXOOO XXXOOO,0
XOXOXXOXOXOXOOOXXXXXOOOOX,1
XXOXX XOXXOXOOOXOXOXOXOOO,0
XOXOXOOXXOOXOXOOOXOXXXOXX,1
XXOO OOX X X OOOOOXXXXX O,0
 XOOOXOXXOXXXOXOXXOXOXO O,1
 OOX X XOOXOXOOXOXXXXXOO ,1
OOOOX XXXX XOXOXOXOO XXO ,1
XOOXX OOXXOXOOOOXX XOXOX ,0
XXX XXO  OX OXXXOO OXOO O,1
    XXXXOOO XO X O XOOO X,0
OXXOXOOOOXX XXXX OX O XOO,1
XOOXXOOOOXXXOXOXOOXXOXXOX,1
XOXOXXOOXXXXO XOOOOXOXXOO,0
O XX XXOXOXOOOOOOXXOX XOX,0
O X XOXX      XX OOOOO  X,0
 O  XXOXOX   XO XOOXOO  X,0
OXOXXXXXXXOXX OOOOOXOOXOO,0
XOOXXOOXOXXXXOXOOOXOOXXOX,1
OOXOO XXOOOXXXXO O XOXX X,1
  OX O XXXO OX X X  OXOO ,1
XXOXOOX OXXOOOXXOXOOX XOX,1
OOOXOOXXOXXOXOXXOO XXXXO ,1
OOOOOXOXOXXXX OXOXXOXXOXO,0
XX   OO OX X XOX XOXOOO  ,0
 XOOOOXXXOOXXXXOOOXOXXOX ,1
 X XO OOOXOX O OOXOXX X X,0
XOOXXOOXXOXXOOO OXXOOOXXX,0
OXX OXOXXOOXXOOXXXOOO XXO,1
OOXXOO XOXXXO OXXXXXOOOXO,1
XXOOXXOOOXOXOOXOXOXXXXOXO,1
  XXOOOXOOOOXX XXX X X OO,1
XXOXOXXOXXOOXOXXXOOOXOXOO,1
XOOOXXXXOXOOOXXOXXOOXOXOX,1
OXXXOO XXO XOOOOXXXOOX  X,1
 XXXXOOOOXOO XXOXXOXOXOXO,1
OO XXXOOO X  OOOXXXO XOXX,0
XXX XOXXOOOOOOXO XXO OX  ,0
OXXOXOOOXXX OOXOX OX OXX ,1
  X XXXXXOOO OX OOXO O OX,0
 XXOOOOOXXOOXOOXXOOXOXXXX,0
 XOXX O XXXOXOOOXOOXXO XO,1
     XX OOX  O  OO  OXX X,0
X OOXXOOOOXOX XX XO XXOXO,1
XX O OXXOXOXXOXX  OOXOOOX,1
X  X X  X O OOOOOX O XX  ,0
XX OOOXXX OXOOXOXXOOOXXOX,1
OXOO  XX OOXXXOO X XXXOO ,1
OXOOXXXXOXXOOXOOOXOXOXOXX,1
OOOXXOXOOXOXXXOXOXOXOXOXX,1
OOOXOXXXOOOXXOXXOXXXOXXOO,1
OXXOXXOOXXOOXXXOOOXXXOOXO,1
XXXOXXOOXO XOXOO XOOXOXOX,1
XOX XOXOOOXXXXOXXXOXOOOOO,0
OOO XOX OXOXXOXOXOXOXXXOX,1
 X  X OO  XXOOOOOX OXX  X,0
 X O  X OOOOOOOX XXXXOX X,0
OOXXOOOXOOXOXOXOXXOXXXOXX,1
XXOOOOXXXXXOOOXOXXXOOXOOX,1
OX O OXOXXOX OOX OXOXX  X,1
 XOX  O OXXXOXOXOOOXOXX O,0
XXXOXXOX   XOOOOOX XOXO O,0
OXOX  XOOXOXXXOOOXXX  OXO,1
XXOXOXOOOOO XOOXXXOXX O X,0
 XXXOXOOOXOXXOXOXXO  OXOO,0
XX XOOXOO OXOOOOXX XXOX X,1
 OO XXXXOXOOXXXOOOOXXOXOX,1
O  OXO O X OXOX O  XX X X,1
XOOO XXX O XOX XOOOOOXX X,0
XXXX  OOX OOX OXOXOOXOXOX,1
 XXXXO O X  OXXOOXO OX  O,1
OXOX OXOXOXOOXOOX XOXXXOX,1
O XXXXOX X  XOOX OOXOOO  ,0
 XXOOXOOXOO XOXX  OOX   X,0
OOXXOXXXOXXOXXOOOOOOX XXO,0
 XXXXXO OOX OO OOX OXOXXO,0
O XX OXOOO XOXXXOXX XOOXO,1
O OXOXXXXXXO XOXOOXXOOXOO,1
XXX OX O OXXXOO X  OOXOXO,1
XO XXXXOO  XXOOO XXOXOXOO,1
   X XXOXXXOOOOOOXXOO X  ,0
XO XXO O XOXOXOOXOXOXX XO,1
OXX OOXXOX XOXOOXOOXXXOXO,1
OOX XOXOXOO XOOOOXXXXX  X,1
OOXOXX  XOXX XO XX XOOOOO,0
OOOOOX XX XXOOXXXOXO  O X,0
OO X O XX  OXOO X   XXX O,1
 OXO XX OOOXXO OXOX XOX X,1
XX X O XOO OX XX XOOOXOXO,1
XOOOXOXOXOOXXOOXXXOOXXXXO,1
X O X OXOXX OXXOOO XX OXO,1
  OOXOXOOXXOOXXO XXOXX OX,1
XOOXOXXOOXXOXOOXXXOOOXXOX,1
  OX  OX  X X XOOXO OOXX ,1
  OOO O  O OX XO XXXX X  ,0
X  OXXXOOOOXOOXXXO XOX XO,1
XO X XXXXXOOO    O XOXOOO,0
XOOXXO X XO OOX O X  XOX ,1
XXX  OOX  OXXXOXOOX O XOO,1
XOXOXOXXXXXOOOOOOXXXOXOO ,0
XX  XOOXXXOXOOXOXOXOXOOOX,1
XOXOOXOOXXXXXOXOXOOOXOXOX,1
OXXOOXO OOXXOXXXXX XXOOOO,1
XOO X OXXOO OOXXOXXOOXX  ,0
OOOXX  OOOOXOXXX XXX  XOO,0
  OXOOOOOO XXXOOXXX  XXXO,0
XXOXOXXOXOOOOXXOOOXXXOXXO,1
 XXOXXOOXOOXOXXXOOOOXOXOX,0
OXOXXXXXXOOX XOOOXOXOOX O,1
 OOXOXXOXXOXOXXO XOOOOXXX,1
 OXOXOOXXOX OXXXXO XO OOX,1
 XOXOXOX OO X    XXOOXO X,1
  XOXO   XOXOXXXOXOO X  O,1
XOXOXOOOOX XXXXXX  XOOOOO,0
XXXOXXXOXXXOOOXOOOOXOOXXO,1
XOOXOOOXXOXXOOXXOX XOOXOX,0
XOXOOXOOXXOOX OXOOXXOXXOX,0
 XOOXOOXOXOOXOX XOXXXOXXO,1
XOX OXOO  X  X X OX XO  O,1
O   OX XOOX O XOO   X XX ,0
OXXO OOXOOXXO XOXXX  OXXO,1
X XOOOOXOOOXXO XOOXXXXOXX,1
XX X OO X  OX O  X OXOXO ,1
OXXOXO OXOO XXOX XOXOX XO,1
OX OXXXOOXOOOOOXO XXXOXX ,0
XOXOOOOXXXXOX XXXOOXOOOX ,1
 X OOXXOO XXOOXOXXOOO XXX,1
OOOX OXXXOOOX XOXOOXXXOXX,1
XXXOXXXXOOOXXOOO XOXOOOOX,0
XOOXOOXOXOXXOXOOXXOXXOOXX,1
 XOOXOXXO X XX O XXOOXO O,1
O XX  OXOXXOXX  XO OX O O,1
XXOOXOXOOOOXXXXOOXXOXOOXX,1
OXXOXOOOOOOXOXXXX XOXOXXO,0
 XO X  X XOO XXO XOXOOXO ,1
XOXXXXX XOOOXOOXOO X OXOO,0
XOOX XXXOOX XOO OOXXOOXXO,0
XOXXOOOOOOXXXXXXOOO OXOXX,0
XOOXXX OO XXOOOOXXXOOOXXX,1
XXOO OXOO OXOXXOX X OXXXO,1
OOXOXX  O OOOOO  OXXXXXXX,0
OXOXXXXXOOXOXOOXOOOXXOXXO,1
OX OOXXOXOOX OXOXXOOXX X ,1
 XXOXXOXOX OXOOXOXXXOOXOO,1
OOOX   XOO X  X XOO  XXX ,1
 X OO XXXOXXOOO XO OX XOX,1
XOOOXXOXXOOOOXXOXXXOXXXOO,1
OX  O X  O X X OXO   X XO,1
 XOO OXOX XXXXO OOOXOO XX,0
XXOX OOOXOXXXXOXOXXXOOOOO,0
X OXXOOOOOOXX XXXXOOXOOX ,0
XOXOOOXOXOO OXXOOXX OX XX,0
XXXXXOOXOOXOXOX OOXOOXOOX,0
OXXXOXOO OX O OXOXXXXO XO,1
OXOOOOO O XX X OOXXXXXO X,0
OOXOOOXOXXXXXO X XXXOOXOO,1
OOX XXOOXX OXOOOXXXXO  XO,1
 XOOXXXXXXOOOOOX X OOXOOX,0
XOOXXO OOO XXX OX OXOXXO ,0
OXOXXOXO XXOOOOXOXOXOXOXX,0
OXXOOXO XOOXXXOXXXOOOOOXX,0
XXOXOOOOXOOOOXOXXXOXXXOXX,1
X XOOXOXXO  OOXOOX  X OX ,0
OX O XXXXXXX XOOOOX O OOO,0
OOX O OXOXXX OOX OXOXXOXX,1
OXXOXXOXOOXXXOXOOXXXOOOOX,1
XOOOXX  OXXX XXOXOXXOOOOO,0
XOOX OXXOOOOOXXXOOX X OXX,0
XOOX  OX X X OOX   OXOX  ,1
 XOXOOOOXX  O OXXOOXOX XX,0
OX OOXOO XXXXOXOXO  XOXXO,1
XOOOOXXOOOOXOXXX X XXXXOO,1
 OOXX O X O XOOXXXXOXOXO ,1
OXXXXOOOO XXXOXXOXOOXOOOX,0
OOO X XO   XOOOX X XXOXOX,0
XOXOXXOXOXXOOXXXOXOXOXOOO,1
 O OXXXOOOOOXXX XXOXXOOOX,0
XXOOOXOOXOOOXOOOXXXOXX XX,0
XX  O XXO  XOOX OO  OO XX,0
XXOXOOXOXXO XXXOOXOXOO XO,1
XOOOOOXOOOXOX OXXXOOXXXXX,0
XXO XO  OXOO XXXOOOXXXOOX,1
OOOOXOXOOXXXXX XXOOOX XOX,1
OOOXXOXOOXOXXOOX XXXOXOOX,0
XOXOOXXOXOOOXXOXXOX  OX O,0
O XOOXXXXXO XX X XO OOOOO,0
OXOXXOXO  XOO OX  XOX OXX,1
XXXOXXXXXXXXOOOOOOXOOOO O,0
XOOXXO XOO XXXOOXOX  OXOX,1
XOOXOOXXXXXXOXOOXXOXOXOOO,1
XXXXOOOOXOOOXXOOXOOOXXXXX,1
XOOOX XOXXOOO X XOOOXXOXX,0
  OOXOOOXOXOXOXXOOXXXXX O,0
XOXOXOOOXOOXOXXXOXO  X  X,1
XXOOXXOO OOXOOOXXXOXXXOXO,0
OX XOXOOX XO OOX  XXX OOX,1
OXXOOXXXXOXOXOXOXOXOXXOOO,1
OXOXOXOXXO XXOOXOXOXX OOX,1
XOXOX XXXOXOOOOXXXXXOOOOO,0
OXXO OXOX  XOX XXOO  X  O,1
X X OXOOO OXXXX OOXXOOO X,0
XOX   XXOOOX O X    X   O,1
XXOXXXOXOOXXO  OOOXOXX OO,0
XXOO  X XOOXXOO XX O  XO ,1
OXXOXOOOXXXXOXXX OOXOOXOO,0
 XOO OXOOXOXXXXXXXXOOOOXO,1
XO XXX X XXO XOXOOXOOOOXO,1
OOOXOXOOOOXX XXXOXOXXXOXO,0
 X XXOOOXO OXXOXOXXOOXO X,1
OXOXXOOOOOXOOOXX OXXXOXXX,0
 XXXO  XO OOOXXX X   O OO,0
XXOXXXOOXXXOOOXO XOX OOXO,1
OXOXXXOXOO OOXXXOOXXOXOXO,0
XXOXOOOOXOXXXXOOXOOXXOXOX,1
OXOX XOXXO XO XXXOOO X O ,1
OX  OOOOO XXX OXOXOXX  X ,0
OXOXXXO XOOX OXOOOXOXXO X,0
XOOX XOOXXXOXOXOX OOXO X ,1
OXOXOXXOXOXXOXOXOXXXOXOOO,1
OOO XXOOOO OX  XOX XXXXXO,0
OXXOXOXOXXOOXOXXOOXXOOXXO,1
XOOXOOO XXOXOX XXOXXOOXOX,1
OXXX X O   XOOOOOXOO XXX ,0
XXXXOX OXXOOOXO XXO OXOO ,1
 O  XO OX X  XO O X X XO ,1
OXXXXXOOOOOX OXOXOX X XOO,0
XOOXOOXXXXOO XXXXOOXOOXOO,0
OOOX XXX OOOXOXXXOXXXO  O,1
OXOOXOX X O OX OXX X OX  ,1
OXXOXX XOOOXOOXXO O XO XX,1
XXOOOX XOOXXO XOXXXO O XO,1
O OXXXXXXOOO  OXOXXOXOOOX,0
XXOXOXOX XOOXXXOOOOXXOXOO,0
X O XXOO XOXXXOO XOOOOXXX,1
XXXXOOOOOOOOX XXXXXXOOO  ,0
OXOXOOXXXXOXOXOOOXXX XO O,1
  X XXO    XOXOOOOO  X  X,0
OXXOXOO XOOXXXXOX XXXOOOO,1
OXXO OOXOOXXX OOOXOXXOXXX,1
XXXX OXXOO XO OX  XOOOOOX,0
OOOOO XXXXO XXXXOOXX OOOX,0
XOO OXOO XXXOOXOXXXO XXO ,1
XOOXXXOXOXXOOXXOOXOOXXXOO,1
OXXOOOXOX  XO  OO XXO  XX,0
OXOOXOXOX XXOXOOOXXXXX OO,1
XOOOOO XO OXXOXXXX XOOX  ,0
OOOX OOX XXOXOOX XXOXO XX,1
OOXX OXOXXXOOOXOX OO XXXO,0
OXOXOOOXXXXXOOXOXOXOOXOXX,1
XOOXOXXOOXX OXOXXXO OOXXO,1
OOXXOOXOXOXXOOXOXOX  XXOX,1
 X XXXX  X OOOO XOXOOOO X,0
O OXOOXXXXXX  OXXOO X  OO,1
OX XXOOXXXXOXOOXOOXOXOXOO,0
OXO OXXOOXXXOOXOOOXXXXXOO,0
 OOOXXOOOXXOOX XOXX X XOX,1
OXOXXOXOXOXOOO XOXXOOXOXX,0
XOXX OOXOX XOOXOXXOXOXO  ,1
XOXXOOO X OXXXOX XOXX OOO,1
 XOOXOOXXXXXXO OOXXXOXOOO,1
 OXX XOX  XXO OX OOXOOX O,0
 XOOXO XXXOOXX XOXOOXOOOX,0
OX OXOOXXOOX XOOXXXOXXXOO,1
O XXXOXXX  XXOOXOOOOXO OX,1
XXXOX  XXOOOXXOXOXO XOOOO,0
OXXXOOOOXXOOXOOXXOXOXXXXO,1
XOOOOOX  XOXOOXX     OXXX,0
OXOOOXXXXOOOXOXX OXOOOXXX,0
O XXOXOXOOXOXOXOOOOXXXOXX,0
OXXXOXOOOXXX XOOOXOXOOOXX,0
XOXXXOOXOXOOXOOOOXXXOOXXX,1
X  OXXXOXOOXO OXXOOXXOOX ,1
XOXOOXO OXX XOOXXOOXXOOXX,1
OXOOXXOOXXXOXXXXXXOOOOOO ,0
 O XOXX O O OXXOOXX XX OO,0
XOXXOOXO OXX OXOOOX X OX ,0
XOOOXXO XO OX XOOXXX OXXO,1
OO X XOXXOXXOXOOXXXOOXOXO,1
OXOO  XX  OXXOO  XXX OXO ,1
OOOOOOOX XXXO XOXX O  XXX,0
XOXXOXXOOOOXOOOXOXXXXXOOX,1
XX XOOXXOOOX OXXXOXXXOOOO,1
OXO XXOXXO  XOOX XXXOOXOO,1
OOOOXO XXXXOOXX XOXOXXOXO,1
OOOXXXXOOXXOOXXXXXOOXOOOX,1
OOXXXXOO OXOXOXOXOOXOOXXX,0
OXXXXXOO XOOXOXOXXXXOOOOO,0
  X XOOXX OOOOOXX X XXOO ,0
OXXOOXXOOXO XOXXOOXXOXOXO,0
X XOXXOXXOOO XOXO XO  XO ,1
OXOXOXOX XXOXOOXOXOXOOXX ,1
OXOXXOXXOOXXXXOOOOXXXOOXO,1
O XXOXXO XOXO O XO XX OOX,1
OOOOX OXXOX XOX  XOXXXOOX,1
OX XOOX O OXXOXOXO  XXXO ,1
 OOOXXOX  XOOOOOXXXXXOXXO,0
XXXXOXOXXOXOOXOXOOO OXOOX,0
 XXOXXOXOOOOXXXXOXOX OOOX,1
 O XOXXXOXXOOOXO OXOXOXOX,0
OXXXOXOXOXOOOOXO OXOOXXXX,0
XOXOXX XOOX OXOXOXOOX OX ,1
XXOOXXOXXOOO OXXXOXXOOOXO,0
 XOXXX   OOOXO XOO X X  O,0
 X OOX OOXOOX XXOXOXO XXO,0
XXX  XOO XX OXOXXOOXXOOOO,1
XOXOOOOOXOX OOXOXXXX XX O,0
 OXOOXOXX OX  X XOX XOXOO,1
OXOXO  OOXOOX XXOXOXOOXXX,0
XXXOXOOXXOXXXOOXOOOOXOXXO,1
OOOX  X XO X X  OOX OXX  ,1
XOOOOOXXXXXXX OO XO XOOOX,0
OOXOXOOXXXOOOOXOXXXXXXXOO,1
OOXXOXOXOOOXXOXXOXXOOXXOX,1
OXOX XXX XXXOXO XOOOXOO O,1
XX OOXO XX OXOOXXOXOOOOXX,0
OXXXXOOOXXOXXXOOOOO XXOOX,0
 O  X XOOXOOXOO XX O   XX,0
 X OOXOX XXOO XXOOOOOX XX,0
XXXXOOOOXOOOXOXOXXOOXXOXX,1
XOOOXOXO OXXOXX XOOOX XOX,0
XOOXXOXOOOX  XO XOOOOXXXX,0
XOOOOXXXXXOOXOXXXOXXOOOOX,1
XOOXOOOOOXX XX XOXXO XXOO,0
 X OXOXOXXXXOX XOOO XOXOO,1
OO XX XXXOX OOXXOXOOXO OX,1
 XXOOXOOXXOXX OOO XXOXOXO,0
XOOOX X OX  XXXOOXOXOOX  ,1
XOOXXOXOOXXOXXOXOXXOXOOXO,1
XO XOXXOXXOXOXXOOOOOXXOXO,0
  OX    XOOXXOXOOXO X XXO,1
XXXOXXOOXXOXOOOOXOOXOXXO ,0
OXO XOX OXXOOXXX XOXOX OO,1
XOOXOXOXOOXOOXXOXXOOX XOX,0
XO OOXXXOXOXXXO XOOXOXOOX,1
XXOX O X  OXXXO O XOOXOXO,1
 O OX OOXXXXXOXO X  OXXOO,1
XOOXOXOOXO OXXXOOX  OXXX ,1
XX XXO XOOOOX X XOOOOXXXO,1
XOXX O OOOXXXXOOOOOXXOXX ,0
XXO OXOXOXXXOOXXXOO X OO ,1
  XOO XOXOOXOXXXO XOOXXO ,0
 XXOXXOOO O OXXOXOXXXXOOO,0
OXXO XOOXOXXOX XXXOOOOO X,0
    X   XX  XOOXOO  OX  O,0
XXOXOXOOXOOXOXXXXXOXOOXOO,1
XXOXXOO  O OXX XOOOOX XXO,0
XO O  XXXO OOOX OXXXO X O,0
XOXOX  XOXXXOX OOOOOXXOXO,0
XOXOOO O XOO OX XXO XXXOX,0
XOXOXXXOOXOO OX OXXOXXOOX,1
 XO O XX OXOOOXOXX  XOOX ,0
OXXOX O OX OX XOOX XOX XO,1
XXOXXXOOXXXOOOOOXOXXXOO O,0
 X OXXXOOX XXOO OXXOOOOXX,1
XXOOXXOOOXOXOXOOXOOXXX   ,0
 XOXXOX OXOXXOXXXOOOXXOOO,1
O XX OOOOO  XXXXXXXOOXOO ,0
XXX X O OOOOO XX XXOO  OX,0
OOXO XOOOOXXOXXX XXOXX OO,0
OXOXOOXOXXXOXOXXOOOXOXXXO,1
XOOX  O OXXXXXXOOOOO XO X,0
 OO XOXXXOXOOOXXXOXOOXOXX,1
 XOXOXOO OXX XOOXXXOXXO O,1
XXX OOXXXOOOOOOXOOXXXOXOX,0
XXOOOXOX XO O  OXO OXX X ,0
XOOXOXOOXO  OXX OOXXXXOX ,1
OXOOOOXXOXOOOXXOOXOXXX XX,0
XO  O OOOXXOXXXXOOXXOOX  ,0
XOOXOOXXOXOXOXXOXXXOOXOOX,1
XOOOOXXOOX XXO XOOXXO OXX,0
XOOXOOXXXXOXX  XOXOXOOXOO,1
   X O   O XOO XOOXXOX  X,0
OXOOOXXXOXOXO XXXOXOX OXO,1
  OXOOOOXX OXX  OXX   OXX,1
XXOX X XOOOOOXXOO OXXOOXX,0
OOXXOOOXOOXOXXOXX  XOXOXX,1
OXOX   OXXOXX O XOXOOXX O,1
OXXOOOOXOXXOO XOXXXOXXXOO,0
OOOXXXOOXOOXXOXXXXOXOOXOX,1
OX XXOXXXOXOOXO OXXOXOXOO,1
OX OXXOOX    XXOO X O OXX,1
 XOXOOXXXOXOOO OOXXX OOXX,0
XOOXXXOXXXXOOOOXXOOOXXOOX,1
XOXOOOOXOXXOXXXXXOXOOOXXO,1
XOOXXXOOOOXXOOOOXOXXOXXXX,1
XOXXOOXOXXXXX  XXOOOOXOOO,1
XOO  O OXXXXOXXOXXOOOOOXX,0
OOOOO  OX OX  X XXOXXXXO ,0
XXOOXOOXOO OXXX  XOOOXXOX,0
OOXOXXOXXXXOOXOXOXOXXOXOO,1
OXOXOO OXXXXXOOXXXOXOOOXO,0
OOXXXXOOXXXXO O  OOX  OOX,0
OXOXXXXO  OXXOXOX  XXOOOO,1
OXXXOXOXXOXXOOXO OOOOOXXX,0
XOXOXOOX OOXOOXXXXXOO XOX,1
OOX OXXOOOXXX OXOXXOXXOXO,1
XXXOX OOXXO O XOX XOXOXOO,1
OXOOOXXO OX  XOXXOO XOXXX,1
XXOXXOXXOOOOXXXOOOOOXX OX,0
  XXOOXOXOXOOXXOXXX  OOXO,1
OOXXXXOXXXXOXOOXOOOXXO OO,0
OX OXXOX XO OXOXX XXOOXOO,1
XXOOOOOX     X  O O XXXOX,0
XXXOX X XOXOOX XOOXOXO OO,1
 OXOOOOOOO X XXOXXXOXXOXX,0
OO  XO XXXOOXXXOXOOOXXOX ,1
O XXXOOXXOOOXXOXOOOXXXXOO,0
XOOXOX OOOXXX OXOXOOOXXXX,1
XOXOOXOOXXOXOXO XOXXXOOXO,0
OOOXOOXOXOXOOOXXXXXO XXOX,0
XOXOOXXXOXOOOXXXOXOX OOOX,0
OOOOOXXOX XXO XXXXOX OOOX,0
XXXXXOX X  XOXOXOO OXOOOO,1
XOOXOOXXXXXXOXXOOOXXOOOOX,1
XXXOO  XXOOOXX OXOXOXO OX,1
OOXXXX OX OOOXXOOOXOXXX  ,1
XXOX   XO OXX XO X O OXOO,1
OXXOO OXOXOXOO XXXX XO OX,1
X  XOOXOOOXOXX OX XO OXOX,0
XX  OOXXOOOX XXOXOOXXO XO,1
XOXXXOOXOXXXOXOO XXOOOOOX,0
  OXXO XXOOXOXOXX O XX OO,1
XOOOOXXOXOXOXOOXXXXO OX X,1
XXOOXOXXOXXXOXOOOOXOOXXXO,1
OXXXO   OX OOO XO X OX  X,0
XXOX  O XOOXOXOXOOXOOXX X,1
XOOXXOOOXXXOOX OXOOXXXXOO,0
OOXOXOOOX X OXOOXXXXOXXOX,1
XOXXOXXXXOOOXXOOXOO OOOXX,0
X XXXXXXOOOOOO XXOOOOXX O,0
OXXXXOOOXOOXOOXXOXOXO XOX,0
 OXXXOXOXXX XOOXOOOOO XXO,0
XXOXOOXXOXOOXXXOXXOXOXOOO,1
OXX XOOOOOXO XX X OX XOOX,0
 OXOOXX OXXXOOXOXXX O OXO,1
 O     X OO  OXXOOXXOXXOX,0
OOOOXXX XOXOOXXOXOOOXXXOX,0
OOOOOOXOXXXOXXXOXO XXXOXO,0
X XX OX  XXX O OX OOOXOO ,1
XOXOOO OXXXOOX XOXXXOOX O,0
XXX XXX O  OOXOOXOOOOX OX,0
XXXOXOX XOOXXOOXOOOOXX XO,1
 OOXOX XOXOXXOOOXOXOXXXXO,1
OXOXOX O XXOOXXXOOOXXOOXX,1
O  OX OXXOO OXXO   X X  X,1
  O XXXOX OXXOXOOXOOOXOXX,1
XOOXXXOXOO OOXOXXOXOOOXXX,0
 OOX X  XOXOXX XOOX O X O,1
  XXO XOOO XOOXX X XX  OO,1
XX XOXOOXOXOXOXOXOXOOOXXO,0
OOX    XX  OX   X O X   O,1
XXOOXXOXXOXX OOOXXOOXOO X,1
XXOXOOOOXXOXOXXO XX OOOXX,1
OXOXOXOX  OXO O XXOXXXOXO,1
XOOOXXOOOOXXOOXXOOXXXXOXX,1
  XXOOXX O OXXOOXXOO XOX ,1
XXOOOXXOXXOXXOOOXOOOXOXXX,1
O XXOO XO OXOXXXXOXXOOOOX,0
XXXO OOOOO OX  OOXXXX X  ,0
X XXOXO  OXXXO OXO  OOX O,0
XXOX XOO  O OOOOX   XX X ,0
OX XXXOO  X OO XXO  OX XO,1
XXXOOXXXOX OXXXOXXOOOOOOO,0
OXOOOOOXOXOXX OXOXOXXOXXX,0
 XOOXXXOXOXXOOOOXX OOXXXO,1
 XO OOXX OOOXXOXX OOXXOXX,1
OXXOOXXXXXOXOOOXXOOOXOXXO,1
OXXXOXXOOOXOOXOXXXOXXOOXO,1
OOXOXOXOXOOOXOXXXOXXXOXXO,1
OOOXX OOOXOXXOOOX XO XXXX,0
  XO X XOO XXOXXOXO X  OO,1
O OX  OX OOXXXO   X XOOXX,1
XXO XOXXOXOOOXX O XO OXXO,1
XOOXXXOOOOXOXXXXXOOOOXXOX,1
XOXXOXOXOOXOXOXOOXOXXXOOX,1
 XXOX OOOO OXX O    XOX X,0
XOXOOOXXO XOXOOO XXOXOXXX,1
 OXOXOOOXO  XXOXX OXOXOXX,1
XOOOXOXXOXXXOXOOXOOXO XXO,0
XOOXOO OXX OXXX X O XO XO,1
XOOOXXOXOXXXXXOOOOOXXXO O,0
XOOOOOXXOXXOXXOOXX X X OO,0
X OOXXO OOXOOX XOXXXOXOXO,0
XOOOXOOOOO XXX XXOX XOXOX,0
OXOXOOXXOOXOOXXXOXOOOXXX ,0
XXXX  OOOOX O XOOXXOOOX X,0
XOOOXOOOXXXOXXOOOXXOXOXXX,1
  XXOO X OOOXXXOXX  OOX  ,1
 O OOXX OXXOOXXOXXXOOXOXO,0
 XX OOOXOXXXOOOXXXOOXO  X,1
X O OXO   XX  OOX XX XO O,1
OO XOXOOOX O XO XXXXOX XO,0
OOXXXXOOOOOXX X  O  XOXXO,0
OOOXXXXX OXOOOOOXXXXOOXOX,0
OXO  OXOOX XOXXOXO OX  XX,1
XOXXOXXOXXO OXOOOXOOXXX O,1
XO XOOXOX   XO XOXOXOOX X,1
XXOOOXOO OXX OOOXXXOXXOXX,1
XXOOXXOOOXXOOXOXO OXXXO X,1
X OOOX OXOXXXXXOOXXOXOOXO,1
OOXOO XXXO XOXO X XOXXOOX,1
XOXXX OXXOOO XOXOOXOXXOXO,1
OX XO OOO OX OXOXOXXXXX O,0
OOOOX  XOOO  X XXXXOXOOXX,0
 OXO  XO O XO OXX  X XXO ,1
X OOXXXOXXOOOOXOXOXOXXXO ,1
OOOXXOXXOXXOOO XXXOOXX OX,1
XXOOXXOOXXXOXXOOOOXOXXXOO,1
OOXOXXXOOXOXOOOXOOXXXXXOX,1
XOXOXOXXOOOXOXXOXOOOXOXXX,1
XOXOOXOXOXXOO OXXXXX OOOX,1
X OOXXXXOOOOXXOXXOO OXOXX,1
XXOXXOXOOOXOXXOOOOXOOX XX,0
OO XXO OOXXO XX XOXOXXXOO,1
 X  XOXXOOXOOOXX XO OOOXX,0
XX XXO OOXOOXX OXXOOXOX O,1
OOOOXOXOX XXOXXXXXO OXOXO,1
XXO  XOOOXOX O XXXOOO XOX,0
XOOOXOXXOXOXXXXOOOOXXXOOX,1
 XXOOOOXOXXOO OXOX XOXXXO,0
OXXOXOOXXOOXOXOOOXXXXXXOO,1
O XXO XOXOOOXX    XOOXXOX,1
XOXXOOO OOOXOXXXOXOOOXXXX,0
XXXX O  XO  OXXXOO XOOOXO,1
OXXXOOOOXXOXXXOXOXXXOOXOO,1
OXOXXXOX OO XXXOOOOXOOXXX,1
OOOOOOOXXOXO OXXXXXXXXOOX,0
XOXXOXOX    XXO OOXX OOXO,1
O O XXOOXXOXXO XXOOOX X  ,1
X X XXOOX O XXXOOOOXOXOXO,1
XX  XX OOOXO O X X  XO  O,1
OOXO OX   OXXX XXOOO XOXX,1
XOXOOOXOXXOXOOXOO OXOXXXX,0
XOXOXXOOX  OOXXOOOOX XXX ,1
 XXXXOOOOXXOXOX OOXX  OOX,1
OOXX OOXX X XXOOXOOOOOXXX,0
OOXXOXX  XO OOOOOXXXXXOXO,0
OXXOOOXXXOOXXXOOXOOXXXOXO,1
O XXXX   O X OXOOOX OOXXO,0
OXOXO    XXOOOOOXXXOO XXX,0
XXOXOOXO XOXOXOXXXOOOXOX ,1
 XO O XO XXOO  XOXO XXOX ,1
OX XXOXX XOO OXOOXXOOXO X,1
XOOXOXX OXXOOXO OX OOX X ,0
XXOO  XO OOOOOXXOXXXXXXOO,0
XOOXOXOXOXOOXOOXXXXXOOXXO,1
OOOXXXOXXOXXXXOOO XOXOOX ,1
XOOOOOOOXXO XOX XOXXOX XX,0
XXOXOXOXXOOXOXXXOXOXXOOOO,1
XX OOOXOO OXXXO O XO XX X,1
 XXXXXOOXXOXXOOOOXOXOOOOX,0
XXXOXOOXOOXXO OXXOX OOO X,0
 XO XXXO XXXOO OOOOOXXOX ,0
OOOXXOXXOX XXOOXOOXOOXXXO,0
XO  XO OX XXXOOXOX   X OO,1
XXXOOOOOOOX X OXX XX    O,0
XXOOOX OOOXOOXXOXXXOXX  O,0
XXOOXXOXOXXOOOXXXOOOXOXXO,1
OXOOOXX X X X OXXX  OOXOO,1
OXXXOX XO OX XOOXOO OOX X,0
XOXXX OOOXO XOOOOOXXXXO X,0
XXOOXXXOOOXXOOOOXOXXOXXOX,1
 OO XXX XOOXOXOXOXX OXOOX,1
X OXOOOXXOXOXX X XXOOOOX ,1
OOXXOXXOXOXOOOOXXXX XOOX ,1
OO OOOOO X O XXX O XXXXX ,0
XOOX XOXXXOOOOOX X OOX X ,0
OXXOOOXOOOXOXXXOXO XXXOOX,0
XOOOOXOXOOXXOXXOXXOXOXOXX,1
OXOXXXOOXOXOOOXXOXXOXXXOO,1
X OX  XOXOXOOXX OXX  OXOO,1
OOO  XOOXXXXOOXOX OOXXXOX,0
XX XOXXXXOOOOXOOXOXXXOOOO,0
OOX XXOOOOXXXXOOOOXXXOXOX,0
OXX XOOOO OOXOO XXXOOXXXX,0
OXOOOXXXXOX XXXOXOOXOOXOO,0
 OOOOXXXOXXXOOXOOXOXXO X ,0
 OXOOXXX XXXXOOOOOOXX OXO,0
OXXOXXXXOOOXOXOOOXOOO XXX,0
   XX   OX O OXO XXOOXO X,1
OOXOOXOX O XXOXXXOXOOXOXX,1
OOXOO OOXXXXOXOOOX  XXXOX,0
X XOO  X XXOXOOOOXXOXOOXX,1
 XXOOO O O OXXX O X OX  X,0
OXOXXXOXOXOXOOOOXXOXXOOXX,1
 XOO OX XXX OOXX  OOXXOOX,1
OXXXXOXO XOOXOXXOOXXOXOOO,0
 X   X OXO  OO OO X X X  ,0
 OOOOXO  XXO   XO X OX XX,0
OOOOX XOOOOXXXXXXOOXXXOOX,0
XXOOXXX OXOOXOXXX  XOOOOO,0
 OXXXX OOOXXOX OO OXXX OO,0
OOOXOXXXOXXOOX OOXOXOXOXX,0
  XO XO XXOOXXXXOOOX OXOO,0
XOOXOXXXXOOXO  OXOXXXOOOX,1
XXX X OXOXOOOO XXOOOXOXXO,0
 OXOOOXOOXXXXXXXXOOOOOXOX,0
  OX X X OOOX X XXOX OXOO,1
OX OO XOXOXO XX O XXOOXOX,0
X XXOXOXXOOOOOXOXOOXOXOXX,0
OXXXOXXOXOOXOOXOOXXOX OOX,0
 OXOOXXXOOOOXOXXXOXXOOXOX,0
 XO XXOXX XXO  OXOXOOOOOX,0
X XOOOXOOOOXOXX OXX O XX ,0
OX OXOXXXOO OX O  X XOX  ,1
XOXXOOOXX XXX O   OXOOOXO,0
XXOXX OOXXXX  OOXXOXOOOOO,0
OXXXXOOXOOXXXOOOXXXOOOOXX,1
OOXO  XOO  XOOXX X XX O X,1
 OO XXOOXOOOXOXXXXXXOOXOX,1
OXOXXXOXOOXOO XO XO XXOOX,0
XOXXO  OOOX XXXX X XOOOOO,0
 OXXX OX XX XOOOOXXOO XO ,1
OOOOOOOO XOXXOXXXXXXOXXOX,0
X OO XOXXXXOO XOOOOOXOXXX,0
 OO XOXOOOXXXOXX XXOXOOOX,0
OXXOXOOOX XXXXOOXOOOXOX X,1
XOOXOXXOOXOXOOX XXXXOOXO ,1
 OXXXOOOXXXXOOX OOX XOOX ,1
XOOOOO XXXOO OX OX XXX OX,0
OOOXXOXOXXXOXOXXXXOXXOOOO,1
XXXXX X OOOOO OOXX  OOXOX,0
O  OXXXOXOXXXOXO OXOOO X ,0
XOXOXXOXOXOOX XXOOXXXOOOO,0
X   XXX   OX OOXX O  XOOO,1
XOXO  X  XOXXOOX XOXOOOOX,0
 O X   X X X  OOOXOX OO X,0
  OOX X OX OXX    XOOOX X,1
  XXOOXOOO X    XO   XOXX,1
XXOOXXOXOOXOOX XXXXOOOOOX,0
XOOOOXXX XOOOOOXXOOX  XXX,0
 XO O   O   OX  O  XOXX X,0
OX  OXXXX  OXOOOXO XXXO O,1
   X   XX  XXOX  OX OOOOO,0
XX OX XO XOXOXOXOXOXOXOO ,1
XOOOX X XO O XX OXX   OXO,1
XO OOXO O XOX XXOOXOX X X,1
XOXOXOOXOOXOXOOXXOOXXXXXO,1
OXOOXX OXOO OX O  XXX  X ,1
OOOXOOXXXXOXOOOOXOXXXOXXX,1
O XXX XOXOXOOXOXOOOXXOXXO,1
 XOOOXOXO OOXOXXX XOXXOXO,0
XXO O X  O XOXOOXOXXXOXO ,1
OX  XOXOOXXOXX OOX OOX  X,1
 OXOOOXXXXX X O X OOXO OX,1
OXOX    XXO X   XO OX  O ,1
XOXXOOOOXOXOOXOXXXOXOXXOX,1
XXOXOXOXOOOOXXXOXXOXOOOXX,1
OOXXOOO XXXXXXOOOOO XX OX,0
XOOOXX OXO  OXX XXOXO XO ,1
OXOXXXOO XOOXXXXOXOOO XOX,1
 OXOOOXOOO XOXXXX XXXO   ,1
OXXOO XXO OXXOOXOOXXXO X ,1
OX XOOXX O OXOXOOXXXOOXX ,1
XO OX OXXO XOXXOXO OXXO  ,1
OXOOXX OOXXXOOXO XXXXOOXO,1
OXOO XOOXXXOOOOXXXXOXX XO,1
OXOOXXOOXOXXXOXOOXXXXOOOX,1
O X   OXOOXXXX X  XOOOOX ,1
XOO  XXOXOOXOXO XXO X  XO,1
 XO O  XOOXOO XO X XX O X,0
OOOOOXXOXOOXXXX OX  OX  X,0
OXXOXXXOOXOXXXOOXOXXOOOOX,1
O X OX XXOXOOXOOX XOXXXOO,1
 OXOOXXX XXOOOXXXXOO OX O,1
O XOX XOXOO XO OX OX XXOX,1
XOOXOOOOXXO O XXOXXOOXXXX,1
OXOOXXOXOXO XOOX XXOXOOX ,0
OOOXO   XX   XXXOXOOXOXOX,1
XOXX OXOX XOXO OXOX XXOOO,1
OOO X XOOXXXXXOXOXOXOOXOX,1
OXOOXXX OOXXXOXOOOOOXXOXX,0
X XXOXX O  XOOXOOO OOOXXX,0
OOOOXOX XX  X X  XOOOOXXX,1
OX  XO OOXOXXX O XXXOOOX ,1
OX XOXOOXXOOXXOXOOOXXXOOX,0
OOXOXO  OXXXOOXOX XXX OOX,1
XX OXXO XOXXOOXXOOXXO OOO,0
XXOXXOOOOXXOO OOXOOXXXXOX,0
 OXXOOOOXOXXXOXOXXOXXOOX ,1
OXOXXXO XOO OXOXO XXXOOX ,1
 OOOOOOXOXXXOO XOOXXXXX X,0
XXOXXXXX OXOXOOOOO OXXOO ,0
XOOOOOOX O  XX X OXX X OX,0
X X XX XOXOXOO  XOO XOOOX,1
XOOXOXOXXX  OXXOOOOXXO X ,1
O OOX XOOOOOXXXXXOX OXXXO,0
XXXXXXOOO OOXOO OXX O    ,0
XOOOOOOXXOXXOXOXOXXXOX XO,0
XXOXOOOXOOXXXO XXXOOOOOXX,0
XXXOX OOXXOOXXOOOXX OOOXX,1
OXXXOOXOXOOOOXXXOXOOXXXOX,1
XO  XXOOOOXXXXXOO X OXOXO,1
  OOOXXX O XXOOXXO OOOXXX,0
XOXXOXXOXXOO OXXOOOXO XOX,1
OX XOXXOOOXOXXXOOXOOXXXOO,0
XXOXOOOXOXOXXXOO X O XOX ,1
OOXOXOOXXOXXXOXOOXO XXXO ,1
 XXOXO  X   O X XXOOOOO X,0
X OXXXXOXOXXOOXXXOOOOOXOO,0
XOXXO  OXOOXXX X OXXOOOOX,1
OXOXXOOOOXXOOXXXXXOXOOOXX,1
XXOXX O XX OXOOOOOXXOX  O,0
OX OXOOOXX XOXOOXOOX XXXO,0
 OXOO  XO  XXOXXOO XXOOXX,1
XO OOOOOXXXOOX XXOXX XOXO,0
OXOOXOXXXOX  OXXXOX  XOOO,1
 XXX X  OOO OOXOOOXO X XX,0
 XOXO  X XOXO XOX OXXO  O,1
 XOOOOOO X O XXXX X XO XO,0
OOXX XOXX OXOXOXXXO OOOOX,0
OOXOOXOOXOXX XO  O X XOXX,0
OOXOXOO OX   XXXXO XOOXX ,1
OOXOXO OOX X XOOXOXXOX XX,1
OOXX  XXOX  XO OXXOX OXOO,1
XOXOXOOXXXXOOX XOXOOOX OX,1
XOXOX OOOXXO OXXOOXXOXXOX,1
XOXOOXOOXOOXOX XXXO XXOO ,0
OOXOOXOXOXX XXOOOXOOX XXX,1
XOOOXXXXOXOOOX O  XO XOXX,1
OXOXXOOOXXXXXXXOOOXOOOXXO,1
XX X XX  O O OXOOOXX OXOO,0
XXO   X XOOO O  OO XX   X,0
O XXXXOOXXOXXXOXOOO XOOXO,1
OOOXXOXXXOXXOOOXOXXOOOX X,0
XOOXOOXXXOXOOOXXXOOXXOXOX,1
XO  OXXXO X O  XOX  O OXO,0
  X OOXO   X X  XO  XOO X,1
 XOXXXXXOXOXOOXO OXOOOXXO,1
XXXXOXOXOXOOXOXOXXOOXOXOO,1
OOXOOOXOOXXXXXOXOOXXXOXXO,1
OXOXXOOOOXXXOXXXXX OOOOOX,0
  OO XOXOOOX  OX X  XX   ,0
OOOXXXXOOOOX OOXXXXOX O X,0
XOXX X O OXOOOXOXXXXO O O,0
XO XOXXXXOOOXXXOOXOO XOXO,1
OXXXXOOOOXOXXOOXXOOXXOXO ,0
X OXXOXXXXXXOOOOOXO OOXO ,0
OXXXOOXOXXXXX OX OXOXOOOO,1
XOXXOOOOOOXXOOOX XO XX XX,0
OOXXXOOXXOXXOXOOO XXXO XO,1
XOXOXXOOOOXOOOOXXOXXXXOXX,1
O  XXOO XXO  OXXO X OOX X,1
X OOXXOXXXXXO XOXOOOXOXOO,1
OOOXOXXOXXOXXOOOXXOO XXX ,1
OOOXXXOXXXXXOO X  O XO O ,1
XX   OXOXOXOXOOX OXXOOOX ,0
XOX  X   X  XOX OOOOOX   ,0
O XXXOO  XXOOXOXOXXXOOOX ,1
 OXOX OXOXXXOOOXXOXXOXOXO,1
OOXXOOXOOXXOXOXXOOXXXOOXX,1
XXOOXXXOXOOOXXXOXXOXOOOOX,1
X XO XXOOXOX OOXXXO OOXOX,1
X OOX  O XXXOOXOOO X OXXX,1
X O OXXXOXOOX XO X OOXO X,1
OXOOXXXOXOXOXXOXXXOOOOXOX,1
  XOXOOOOXOXOOXXX X OXXOX,1
OOX X  XXOOXXOXX OOOXX  O,1
X XX OOOXOOOXOXO XXOX OXX,1
XOXOOXXXOOXXOOOXOXOOXOXXX,1
O XO  XOX XOOO XOXOOOXXXX,0
OOOXXXOX  OXX X OX OOXOX ,1
XXOOXOXOOXOXOOOOXXXOXXXXO,1
OOOXOXXXXXOXXOOOXOOXXOXOX,1
X XOXOXOOOOXX OX O XX XO ,1
XXXOOOOXOOXXXOXXOOXXXOOXO,1
  XXO XXO OXOXX OOOXOXOOX,0
OX OO XX XXOXOXOXOOXXOOX ,1
   XOX X  O X O  XOO X   ,1
XOO XOXXXOXOX XOOXOOOXXXO,1
OXX  O  OOXOOXOOXXX XOXOX,0
OXO OXXXX OXOXOOXXXOOOXXO,1
 OOOOOX OO OXXXXOXXXOXXXO,0
OOXOOOOXXXXXOXXOOOOXXXXOX,1
  XXOXOOX O XOO OX  X X  ,1
OOXXO OOOXOXOXXOOXXXOXXXO,0
  OXO XXXXXOO O XOOXOOXOX,0
XXOOXXXOOXXXOOOOXO X XO  ,1
XXOOX OXX OX O  XX OOOX  ,1
XOX XXXOXOOOXOOXOX XOXOXO,1
XOXOO XXX OOXOOOXOXXXOXXO,1
O XOO OXOOXXOXOXOX OX XXX,1
 OOX OXXOX OXO XXO  OXXXO,1
XXOOXOXOOOOXXOOXXOOXXOXXX,1
XXXOXOOOXOOXOXXXOXOOXXOOX,1
XO OOOX XXXXOXXO XXOOOOOX,0
XOXXXXOOXOXOXXOOOXXOXXOOO,1
XX  XXX OXOOOXOX  OXOOOXO,0
OXOXOXOXXXXXOXOOOOX  XXOO,1
 OXX   XOO  X O X X X O O,1
XXXXO O XOOXX OX  OOXOXO ,1
OXXOO OOXXOXXXOOXO OXO XX,0
XXXXOOOOX  XXOO XXXO OOXO,1
OXOOXOXXXOOOOXXXOXOXXOXOX,1
OOOXXOOOXOOXXXXXOOO XX XX,1
 OXX XOXOXXOXO XXOOXOOXOO,0
XXXOXOXOOXXOOXX XX OOOXOO,1
XOXXXOXXX  OOOOXO  OOXOX ,0
XX OXX XO XOOOOXXXOOOX OX,1
XOOXXOOXOOXOXOOOOXXXXOXXX,1
  XXX X OO XO OOO    X   ,0
 OXOO  XXXO  XOX X OOXXO ,1
OO OX OX XO XXOOX O X X X,1
X XXOOXOOOXXXOXXOOOOOXXXO,0
OOXOOOXXOXOXXOXOOXOXXXOXX,1
XOOXXXOXOXXOOOXOXOOXXXOOX,1
OOOXXOOOXXXXOXXOXXO  X  O,1
XX   XX    XO OOOOO    X ,0
OXXXXOOXXXOOOOOX XX O   O,0
OXOOXOXXO XOXXX OXXOXOOXO,1
XXOXO X  OXOXOOXXXOXOX OO,1
XXXOXOXOXXXOOOOXOXOXXOOOX,1
OXXOOX XOOOOOXXXX OOXO XX,0
OXXXXOOXOOXOXXOXXOXOOOXXO,1
OOXOXOXOOXXXOXOXOXXOOOXXX,1
 OXOOXXOXOXOOOOXXXXOXO XX,1
XXXXOXOXOXOOOOXO XXXXOOOO,0
X OO X OXOXX OXOOO   OXXX,0
XXXXOOO XXXOOXOOXXOXOOOOX,0
XXXXOXOX OOOOOXXOOX   XO ,0
OOXXXOXXXXOXOOOOOO OXXXOX,0
OOXOOXOOXOOXOXXOXOXX OXXX,0
O O OX  OX OO OOXOXXX XXX,0
XOXOXOOXOXOOX OXXXO OXXOX,1
XOOOXXXXOXOXOOXXOXOXOXOOX,1
XOXXXOOX OX X XOOXO XXOOO,1
XO OXXXOOXXOXOOOXX XXOOO ,0
 OXOXX OXXXOOXXOXXOXOOOXO,1
XOX O XXXOXOOOOXO XXOOX  ,0
OOXOXOOXOXOOOXXXXXXXXOOOX,1
OXO  OX XXX O OX   OXO  X,1
OXXXOOX O XXXXXOOOXO  OO ,0
XXX XX OOOX XOXOOOOOXOOXX,0
OXOO XXXXOOOXXOXXO XXOXOO,1
OXXOX OXX  OOOOO XXO XXXO,0
XOOXXXXX OXO  OXO OOXX  O,1
OOXXX XOOOOXX  OOXOXXXXO ,1
XOOXOOXOX OXOXXXXOOXOXXOO,0
XOOXOOOOXOXOXOXX X XXOXXO,1
OOXXOOOXXXOXOXXOOOXXXXOXO,1
XOXOXOOOXXOOXOXXOOXOXXXOX,1
OXOO  XOX XXXOOX XOXXOOXO,1
XOXOXXOXXOOO OXOOOOXOXXXX,0
OO OO OO XXO    OXXXXOXXX,0
XOXX OOOOOOX X   XO XOXX ,0
O OXOOOOXOXOOOXXOXXXX XX ,0
  OOOXOOXXO   XOX XX OXXO,0
X OXX XXXO XOXO OXOOOOXOX,1
OOXXXXXXOOOOOXOXOOXO OXXX,0
XXOOXOXXOXOXOOXXOOXOOXXOX,1
XOXOOOXXXXOXOOXXOOO XXOX ,1
OOXXOXOXXXOXOOOXOOXXOX OX,0
OOXXOOXOXXOOXXXOXOOOXXXOX,1
XOXXXOOXOXXOXOXOOOOOXXOX ,0
XXOOXOOOXXOXXOOXX XX XOOO,1
X   XOOOOXXO XOXOOOOX XXX,0
XXXXOO OXOOOXOXXXOXOOOOXX,0
OXOOOXOOOXXXXXX XOXXO OXO,1
XXXXOXXOOXOOOXXO OXOXOOXO,0
 OOOOXXO  XOX OOX XXXXO  ,0
XOOOXXO XXXO OXXOXXOO X O,1
XXOXO X XX X OOXO OOXOO X,1
XXOOXXOXXXOOOXOOOXOXXOXXO,1
OOXOXXX XO  OOXXOXXOO    ,0
OO XO XOXXXO OXOO X XO XX,1
 XOOOXXXXOOX OOXOXOXXOOXX,1
OXXOOOXOXXXOXOXXXOXOOOXOX,1
OXOO XO OOO  X XXOX XX OX,0
OXOXOXOXXOXOXOXOXOOXXXOOX,1
OX OXXOOXOO XOXO XXOO XXX,1
X O OXX  OXOOOXXOX OX   X,1
XO X   OXOO  XXOXXO   XO ,1
O OX   OX   X   X XOX O  ,1
XO OXOX XOXOXOXO XXXOO OX,1
  XOOOX XOXX OXOXX XXOO O,1
OOXOXOOXOOXXXOXOOXXXXXXOO,1
XOOOOO OXOXOXOX  X X   XX,0
   XXXXOXO O O OXO XOO X ,0
OOOOXOX  XO  XXXXXOO  X  ,1
 XXOXX OXX OOOOOXOXXOX O ,0
OXOO OXOOX XXXXXOOXOOXXXO,1
XXOXXXOOOXOOOOXXOOXXXXOOX,1
O  OXXX XX  OXXO X OOOXO ,1
OX XO OXOOO X OXXX  X  XO,1
OXOXXXOO OOXOOOXX X X XO ,0
OOOXOXXOOXXXXX  OOX OOXXO,0
OXOOXOXXOXXXXOOXOOXXXXOOO,1
OOO XX  XOXXXX  X  OOXOO ,1
XOXO OXOO XOXOXXXOXOXOXXO,1
OOOXXO OOXXXOOOXXOXOXXXXO,0
XX XO XOOXXOO    OXXOOOX ,0
XXO OOXXXO  OXO OXXOX XO ,1
OOXXOXXOXXXXOXOXOOXOOOXOX,1
XOX OOXXXXOOOXXX OOXOOXXO,1
OOXOXXXOOXOXXOXOOXOOXXXOX,1
XXOOOOOXOOOXOXOXX OOXXXXX,0
XXOXXXXOXOXOXXOXOOOOXOOOX,1
OOXXOOX  XXO XOX  XOXOO X,1
 XOXOXOXXX XOXXOOOOXXOOXO,1
  XOXOOO X O X   X  O XX ,1
OXXO XOOOXXXXOO XOOXXOOXX,1
X OXOXOOOOOXX  OXOXOXXOXX,0
X OOOOO XX  XOXO O X X X ,0
OXXXOOXOOXOOXOXOXOOXXO XX,0
XOXXOXXXOXXOXXOOOXOO OOOX,0
X OOXOX  XOXXXOXOO OXO X ,1
  X OOXX OXOXOOOX XXXO   ,1
X OXX OOX O X OXXX OX O O,1
OXXOXX OOOXXXXO OXOXXOXOO,1
X XOO OXO  XO  X XOOXX XO,1
OOXXXOXXOOXOXOX OXOXOOOXX,0
XOXOOXOOOXXOXXOXXOXXOXOOX,1
XX XOXOX OXO OXOOOXOX XO ,0
XXX X  OO XO  OOOOO X XX ,0
XOXXOXXOO  XOOOXXXXOOOOXX,1
OXOX OOOXX XOOXXXXOOOOXX ,0
OOXXXOOXOOOOXOXXXXXXOOXOX,1
OXO XOXOXX  OXOOOOOOXXXXX,0
OXO XXO OXOOXXOO XOXXX OX,1
OOXXOXXXXO OOXXOX XOOOXXO,1
 X O OX   OXXO  X  OX    ,1
  XOOOXOXX  OX OOXOOXX  X,0
XOOOOOOXXXXOOXOX O  XXOXX,0
  XXX O OXOXXX OOOOXXOXOO,0
  XOOO XOXX XXXOXOO X OXO,1
OOXXXX XXO XOXOXXO XOOOOO,0
OO  XXOOXX XX  X OXOXXOOO,1
  X XOOXXXXOOOOOOXOXXXOOX,0
OOXOXXXXOXXOOXOOXOXXOOXOX,1
XOXOXXXOXOX OXO OXXOOXOOX,1
XXXO XOX XXOOXOX  OOXOOOX,1
 OXOOOXXXOXXOOXOXXOXOOOXX,0
X OOOOOXXXXOXOOXXXOXXXOOO,0
OOXOXX  OXOOXOXXOOXOXXOXX,1
OOOXXOOOXOOXXXXOXXXXOOOXX,1
XXOOXOOOOOXOXX OOOXXOXXXX,0
OXOOOXOOX OXXOXOOOOXXXXXX,0
OXXXOOXXXXXXOOOOXOXOXOXOO,1
OOOXXOXXXOXX XXOX  OXOOO ,1
XXOO OOOXXXXOOO XXXOOX OX,0
XOXXXOOXXO XOOO XOOXOOXX ,0
XOXOXOXOXOXXOOOXXOXOOXOXX,1
XOXO  XXO XXXOOOOX XO X O,1
XOXOXO OXXOOXX OOXXOXOOXX,1
OOXOOXOOX   XOXO X X XXO ,0
  OXXXOOOXOXXXOOOOX OXX X,1
XOXXX OOOOOXOXXOXXXOOXOOX,0
OXX OOXOXOXOOOXOXOXXXOXOX,0
OX OXXXXXO   O OO OXXOO X,0
OXOXX XXXOOOXXOXXOOXOOOXO,0
O XOX  X XXX  OOXO OOXXO ,1
OOXXXOOOOXXXOXOXXOOOXOXX ,0
XXXOOXXXXOOOOOXXOOOX XOXO,0
 XXXX  XOXXOXXOOO X OOOOO,0
 XXX X  X OO X OO X  OOXO,1
O XOXX OXOXOXOOOOX O XXXX,1
XOXXXX OO XOXXOXOO OXOXO ,1
XOOXOXXOXXOOOXXOXOXOOXOXX,1
XXOOXOXOXOOOOXOOXXXXXOOXX,1
  OX XOOOOOXXX O OXXXXO  ,0
XXXXOXOOOOXOOXOXOOXOXOXXX,1
X  XOOXXXOX X OOXOOXXOXOO,1
XOOXX XXOO OXOX XO  XX OO,1
 OXOOOOXOXXXOXOOXXOOXXX X,1
XOXOXOOXX  OXX OOOOOOXXXX,0
OXOXOOXOOXOXXOOXOXOXXXXXO,1
X X  OOXXO XOXXOXOOXOOOXX,1
XXOXX OXOOXOO XXXOOXOOXO ,0
XOXOXOXXO OOXOOOXX XXO X ,1
X XOXXXO XO OOXO XOXOOXXO,1
X OXOXXO OXO O X O XXO X ,1
O XXOOOXXXOOXXXXXOO XOOOX,1
OOO X  XXX XXX XOOOOXOX O,1
XXXOOXXOXOXOXOXXOXO OXOOO,0
X OOOXXOXOOXOXOOOX XXXX O,0
XXXXOOOXXOOXOXOOXOXOO X X,1
XXOXOXOOOOXXOOOXOOXXXXXXO,1
O OXX XX XXOO XOXOOOX XOO,0
XO OOX   OX X XX  OXXOOOX,1
OXX X OXXOX OO OOO     XX,0
XOOOOO  X XX   XO       X,0
OOX OXOXOO XXX XOO XXO  X,1
OXOXOXXOOXXXOOOOOOOX XXXX,0
OXXX OOOXOXXOOX OOXO XXXO,0
OXXXOXXXOXOXXOXOXOOOOXOOX,1
OXXOXXX  OXXOXOOXOOXXOO  ,1
  XXXXXOXOXOOO O XX XOOOO,0
OXXOOXOXXXOOXXX XOOOOOXXO,0
XOXXOOOOXOXXOOO  XXXOXX O,0
XOXOXXOOXOOXXOOOXOXXXOXOX,1
OXX XO  XX OXOOOOOOXO XXX,0
XX   XO OOOOOO  XOXOXX XX,0
X     OXO OOO OXXOO XXX X,0
  O XX XX OXOXOXXOXO OXOO,1
OXOXX X  XO OXXOOOXO  XOX,1
 O XXXOXXXXO  O   O OOO X,0
OXXO XOOXOOXOOXXOXXOXXOXO,0
X  OXOOOOO  XX X XX OOOXX,0
OOXOOO X OOX X XOXX XXX O,1
XOOOOO X      OX XXOXX OX,0
XXXOO OOX OOX XXOOX XO OX,0
XOO OXXOXOOX XXXOOOOXXOXX,1
XO XXOXOXXXOOOXXOXOOOXOXO,0
 X X  XXOXXXOOO XX OOOOO ,0
OX OOXOXXOXOXOXXXOOXOXOX ,1
XO OXXOOXXXXOOOOXO OXXXOX,1
OO XXX   OOOOXO XOOXXXXOX,0
O XXX XXOXO OX  OXOOXOX O,1
  XXOXOX  XXOX OOOOOX  OX,0
XO O   XXOOO OXXOOXX XX O,0
OOXOOOXXOX OXOXXOOXXOXOXX,0
XOOXXOOXXXXXOXOXOXOOOXOXO,1
 OO OOXOOOX XXOOOXXXXXOXX,0
OXOOXXXXXO OXOX OXXOXOOXO,1
XOOXOOXOO OXOXXXXOXXOXOXO,0
 X  X   OO  OX OO   X  X ,0
X  X XO   XX  O  XX OOOOO,0
O OXOOOOXOXXOOOXXXXXXOXOX,0
 XOXOXXXOOXX XO OOOOOX  X,0
XXXXXXO   OO  XOXOOOOO X ,0
  O X    X O X   X   X OO,1
OXOOXXXXXXOXXOXOX OOOOOXO,0
OOOX  OOXXXXX OXOXXOO XXO,1
OO OOXXX  XOXXXXOOXOOXOOX,0
OOXXOOOXXXO   X XOXXOXOXO,1
XOOOOXOOXXXOXOOXXXXXOXXOO,1
XXOOXOOX XXXOOXOOXOXO   X,1
OOXXXXXOOOXXXOXXXOOOOOOX ,0
OOX XXX  XOOXOX O XOXOOOX,0
OXOOXOOOXOXOXOOXXOXXOXXXX,1
O X OOXXOOX X O XX   XO  ,1
OXXOXOOOOXXXXXXXOXOXOXOOO,1
XXOX OOOOXXX OXX XOOXXOOO,0
XOXOXXXOOXOXOOOXOXOXXOXOX,1
OOOOXOO OOXXOOOXXX XXXX X,0
XOXXXXO XOXOOOXXX XOXOOOO,1
XXOXXOOXOX XXOXXXOOOOOOOX,0
OXXOX OXO OXXXOXO XOOOX X,1
O XXX XX OOX XXOO OOOOOXX,0
OO XX  OX O  XOO  X X X  ,1
 XXOOOOXOXXXOOXOXOOXXOXX ,1
XXOXO  OXOO XO XXXOX XOO ,1
XXOOXOXOOXXOXXXOOOOXXXOXO,1
XOOXOXXOOXXXOXOOX   OX XO,1
XX O O X X OXOOXXOO OOX X,0
OOXXXOOXXXXXXO XOXXOOOOOO,0
XXXOOXOOXOOOXX OXXXOOOOXX,0
X XO XOX XXOXOO OOO OXXXO,0
OX OXOXOO XO XXXXXOXOOXO ,1
   XXXXXXXOOXOO OOO  O XO,0
XOXXO OXXOXOXXOO XOXOXXOO,1
OOO XXOOX XOOXOXXXXO XO X,1
XX XX OOOXOOXXXXOOXOXOOXO,1
XXXOOOXXXXOO XOX OXXOOOXO,1
OOXOOXXXXXOXXXOOXOOXOXOXO,1
XXXXO X  XOXO X OOOOOOXOX,0
X OXXOOXXOOOOOOXOXOXXXOXX,0
XXXOOOOOXOXX OXOXX OOXX O,0
  OXX  O XXO  X  OOX O  X,1
XXX OXX  O X O OOOX XOOOX,0
OXO XOXO OXOXOXXXXXOOOXOX,1
OO XOO OX OXOXX  XX   XOX,1
  X O  OO   OOXOOX XXXOXX,0
OXXOOXX XXXOOOOOXOX X OXO,0
OXXOOOXXOXXXX OOOXXO XOOX,1
OXX XOXOOOOXXOXO XOO XXX ,1
XXOXXOX O OXXOOXXOOXOXOXO,1
XXOXXXOOOXOOXOXOXXXOOXOXO,1
XO XOXOXOXOOOXOOOXXXXOXOX,0
  O X OXX O  X    X OOX  ,1
XX XOOXOOXOOOXOXXXXOOXOXO,0
OXXXOOOO OXXXOXOOOXXOXXXO,0
OXOOOXOXOXOXXX XOOXOOXXXO,0
OXOOXXXOXOOOXOXXXXXOXXOOO,1
XXXXXOOOOO  XX OO O XOX  ,0
XXXOXXOXOOOO O OOOX XXXOX,0
XXOOXOOXXOXXXOOOXXXOOOXOX,1
XOOXOXXOO OXOXOXOXOXOXXOX,0
OXOOOX X XXXO OXOO OXXXXO,1
OXXXXXXOOOOOXXOOOX XOOOXX,0
O XO  XO   X   OX XXX O O,1
XXXX XOXOOOOO OO XXXOXO  ,0
    XX O X   OXOO OX X XO,1
XXXO OX X XO XOX XO OOOO ,0
OOOOOOXOXXOOXXXOXXOXX OXX,0
OXOXOOXXXX XXO XOOXOXOOXO,1
XOOOXOXOXX XOOOXXXXOOOXXO,0
OXOXXXXOOXXOXOOXOOXXXOOOX,1
OOOOOXOOXOXXXXX OOXXOXXXO,0
XO  XXXOOX OOOXOOXX XOXXO,1
OXXXOXOOOOXOXXXOOXX OXOXO,0
O OXXOOOOXX XOXX OOXX XOX,1
OOXOOXXOXXXX O  XO XOXXOO,1
OXXOOOXXXXXXOXOOOX OOX XO,1
XOXOXXOOXXX  XOOOOOXX OXO,0
OXXOXOOXXXOXXXXXOOXOXOOOO,1
OOXOXO XX OXOXX OOOXX OXX,1
OXOXXOXOXXXOXOOOXXOOXOXOX,1
XOXOOXOXOOOOOOX OXXXXXOXX,0
X OX O  XOOXXX XOOO XOXOX,1
O X   OX O  X   XXO   X O,1
XOOOOXXO XOOXOXOX  OXXXOX,0
OOOXX XXXXXOOXOX OO XXOO ,1
OOOOXOXXXXXOXOXOOXOXOXXOX,1
X  OX OOXXOXXX OXO OOXX O,1
O XOXXOX XXO XOXOXOXOOOOX,0
O  XOX X OXX    XO O X  O,1
OXOOOOOO  XX  XX OXXXXOOX,0
XOXOOOXOXOX XXOXX OOX  OX,1
XOOOOXXOOOXXXXXOXOXOXOOXX,1
OOOXOOOOXOXXXXXO OXX XOXX,1
XOX OXXOXXXOOOOO XO OXOXX,0
XOOXXOXXOXXXOOOOXXXOOOXXO,1
OXO X OXXXOXXOOXXOO  XO  ,1
XOXXXX OXOX OOX OO  OXOXO,0
XOO XOOXXO OXO OXXXOX XOX,1
XXXOX X XXOXXXOO OXOOOOOO,0
O XXOXOXOO XXOXX X OOOXOX,1
XXX OOOXOOOXOX XXXOXOXXOO,1
OOOOXXOXXOOXXOXXXXXOOXOXO,1
XXXOOX OOXOOOXXOXOXOXXOOX,0
XOXXXOOOXOXOXOOXOXOOXXOXX,1
XOOXX OXXOOO X OOXO XXXOX,1
 XOXOXOXOOXOX OX XXOOO XX,1
O OX XXOXOOXX  XO  OXXXOO,1
X OXOXOOO OXX  XO       X,0
 OXOXX XXXOOXOOOXXOXXOO  ,1
O XXO XOXXOOXOOOXXOX XO X,1
XOOXXOXXOOXXXOOXXO OXOO X,1
O OXXOOO OXXOOX X XOO XXX,0
OOXXOXOOXXOOXXO O XOXXOXX,1
XXXXXOO OOXOXOXOOOXXXOOXO,0
OXO OXOXXXXOXO XXOOOOXOXX,1
 X OX XXOOXXXOOOXO OXXXOO,1
X OOXXXXOOXOXXOOXXO  XO O,1
 XXO O XOXOXXOXXOOXXOXOOO,0
OOXXXOX OOOXXOOXXXX O  XO,1
OXXXXOXXOXOOOXXOXOXOOOXXO,1
OXOOOXXXOXOXOXOOXXOOOXXXX,1
O X OXXXOXOOOOOXO OX X XX,0
XOOXOOXXXOXXXXOOXXOOOOXOX,1
O XOOXXXXOOOOXXXXOOXXXOOO,0
OXXXXOOOOOOXOXXOXOOX XXXO,0
OXXXOOXXOOXXOXXOXXOXOOXOO,1
XXXO XOOOXXOOXOXOXOXXOO X,1
OXO  X XXOOOOOX X XXOXOXO,0
OOXOO OOXXXO   XXXOOXXO X,0
 XOX XO  OX O XXOXOOXO  X,1
OOXXXXOOOOX O  XXXXXOOOXO,0
OX OXXXXXOOOOXXOOXOXOXX O,1
OXOOOOOXXXXXXOOXOXXOOX OX,0
OXXO XXO O XOO XX OXOX   ,1
OOOX OOXXXOO XXXXXXOOXO  ,1
 OOXO XXXXOOXXX  XXOOOOO ,0
X OOO XOXX OXXXOO OX X O ,0
OX OXXX XOOOOXO XOXOXX XO,1
XOOOOOXOXOXXOXXOXX OOXOXX,0
X OOXXX XX OXOXOXO XOOOOX,1
XOXXXXXXXXOOOOOOOOXXO OOX,0
O XOXXOOOXOXOOXOXOX XXOXX,1
O X OXX  O XO XXOXXOX OO ,1
X OX XO XOOXXXOOX OOXXOXO,1
OOO XXXXXOXOXXXOXOXXOOOOO,0
XOOXXXOOXXXOXXXXOOOXXOOOO,1
X XOOO OXX OX OOX  XX  O ,0
OOOXXXXOXOOXOOXXXOXXOOXO ,0
X  XOOOXXX X XOX O OXOOXO,1
OXXOXXOOXXXOOXXXOXX OOOOO,0
 OOOXO XX OOXXOXOX OXXXOX,1
XX XOO XX  OOXXOOX XOOOX ,1
O OOXOOX X O XOXOXX X OXX,1
XXOOOXXOXOXOXXOXXXXOOXOOO,1
OOO XOXOOOOXX XX XOXXXXOO,0
O XOOXOX O OX  XXX  X OOX,1
X OX OOXXXXX OXOX  OXO OO,1
X  X OO XO X XXOXO X OOOX,1
O XOXOO  OXOXOXXOOXXXXOOX,0
 XXXXOX  XOO OXOXOOX  OOX,1
X   OXXX OO XO XX O XOXOO,1
XXXOXO OOO OXXO OOXXOOXXX,0
 X XOX X OOOX X X O  XOO ,1
XOXOXXOOX XXOOOOXXOOOXXX ,1
 OXOX OXOOOX O  X X OXXX ,1
XOXO XXO XX XX OOOOXOX OO,0
OOOOXOXXOOXXOOX XXXXOOXXO,0
OXXXOXXXOXOXOOXXXOOOXOOXO,1
 OXXX XO  XXOO OOOOOOXXXX,0
XXXOOX OXOXXXXOOOOXXOXOOO,0
 XO XXXOXOOO XOXOOOXOXXXO,0
 O XO XXXXOOXOOOXO OOXXXX,1
 X OOOOOX X O   X  OXX X ,0
XOOOOXO OOX O XOOXXXX X X,0
 OOOX X XOXXOXOXXOOXOOOXX,0
OXXOXXOOX OOX  OXXOXOOXX ,1
O OOX X  XX OXXOXXOOXOO X,1
OX   OXXOX XX OOOXO XX O ,1
OXOXXXXXOOXOXXXOXOOOOXXOO,1
O XOXOO XOOXX OXOXO XXXOX,1
OXXXXOOXOXXOXXXOOOXOOXOXO,1
OXXOXXX OXOXOOOXX OOXOXXO,1
O X OXOXXXXXOOOX OXOXOX O,1
OOXXOOOXOXOXXXXXOOXOOXXOX,1
 XX O XO   X OOXOOOXO  XX,0
OXX OOXOXOXX XOOXXXOOXXOO,1
XXXOOXOXOOXXO  XOXXXXOOOO,1
 OOOOOXOOX XX OXXOOXXOXXX,0
XOXOOOOOXXXXXXXOOOO XOXOX,0
OOXX XXXXX OXOOOOXOOOXXXO,1
O OXXX XXOXOXOXOOOXXOO XO,0
OX XX  OOXOXOXXOOO XX  OX,1
OXXXX XXX OXOXXOOOOOOO XO,0
XOXXOXXOOOXOOXXXOOOOXXXOX,1
OOOXXXOOOXXXXXXOXXXOXOOOO,1
XOXOXXOOXO O XOXOXXOXOXXO,1
XO  XO OXOX XOOOX XOX OXX,1
OOX XO  XO XXOOOXXX  OXXO,1
OXO XOXOOOXOXXOOXXXXOXOXO,0
XXOOOOOOOXX XOOXXXXXOOXOX,0
XXXOOXOOX XO  OOXX OO XOX,0
XXOXOOXOXXOOO XOX X O XXO,1
 XO XOX OXXXOXOOXOXO XOOX,1
OO XOO OXXXOXXO XOXXOX XO,1
OOXOOOXOOXOOXX  OXOX XXXX,0
  XOO XO OXXXOOXXXOOXXOOX,1
X OXOO  X  OX    X O  X  ,1
OOXXOOXOOXXXXXOX XO OXO  ,1
  OOX O XOOOOX XOXOXXXXX ,1
OOOOXXX  XOOOXO XXOXOXX X,1
XXXOXXOOXXXXOOOXOOXOXXOOO,1
XXXOOOOXXOXOXOOXXOXXOOXO ,0
XXXXXOO OXX XOOOOXOX OO  ,0
 X  OOXX  OOXXO X O XXXOO,1
 O OXXOOXOX XXOXOOXX XOOX,1
XX  XOXOO OXOOOOOXXXXXXOO,0
OX XOXOXOXOOXXXXOXOOOX OX,1
XXOO OX OXXX XOXOOO XXOOX,1
XXOOOOXOXOXOXXXOOXOXOX XO,0
XXOOOXOXOXOOXO XOXXXXOXOO,0
XXOXXOXOXOOOXOOXXXXXOXOOO,1
XXX O OOOXXOX  OO X      ,0
 OO X  O XO O XX  XOXX XO,1
XXXO OXXXO OOOOO X  XXXOO,0
XXXOOOOXOXOOXXXXXXOOOOXOX,1
O XXXOXXXOOXXOXOOOXOXOOOX,0
OOOOX XOOXXXXOXXXX XOOOOX,1
 OXXOOOXXXOX OX XOOXO XXO,1
XOOX OOXOXXOXOOO XOX  XXX,1
OXXOXXXOOXOXOOOOOOXXX XXO,0
X X O O   X X OOOOO XXX  ,0
XXOXXXOXOOX OXOOOXO  O X ,0
OXXXXXOOXXX OXOOOXOXOOOOX,0
OXOXXOOXXXOOOXOXXXOOOOXXX,1
OOXXOXOXOXOOXXXOXOOOXXXXO,1
XX    XOOXXXOX  XOOOOOXO ,0
O OX OXXXXO O XXOOXXXOOOX,1
OXOOOXOXXOXXXOOOOXOXOXXXX,1
OX XOO XXOOOOOXXXOXXXOX O,0
XXXOXOXXOXOOXOOXXOXXOO OO,0
XXXOOXOO OXOOXOXOOXOOXXXX,0
OXXXXXXOXXOOOXOOOXXOXOOO ,0
OX XOXOXX OX XOOOOOXXXOOX,0
X O XX OOOXXOO X O  XX XO,1
  OOXXXOOXOOX XXO OXXOOXX,1
O X OX  O OXO  OOXX XX   ,0
XO XOOX OOXOOXOOXXOOXX XX,0
 XOOXO  OXXOOOXO  XX XOXX,1
  OXOXXOXO  X  O XOXO X  ,1
OOX XXX OO XOOX X  OOX  X,1
XXX O XXO XOXO XOOXXXOOOO,1
 OXOX XOXOX  X XOXXOOXO O,1
XX O XOX  XOOXOXOXO XOX O,1
 XOXOOOXXXXOXOXXOOOXOXXOO,0
XXOXXOXOXOXOOO XO XXOXO O,0
OXX O XOOO X OX XXOX X O ,1
OXXOX OXO  XXXOOXXOO X O ,1
O XOOOOXOOOOXXXXOOX XXXXX,1
OOXOOOX XOXXOOXOXO XXXXOX,1
OOOXX XOOXXOXOOXOXXX O OX,0
O  OXX OXOOO X OXXXXXOXO ,1
XOOOO OXXXXOXOXXOOXXOXXOO,0
XOX OO XX  O X OO X O  XX,1
OXOOOOXOXXOXXXXX XOO OXXO,1
XXOOOXX XXXO OXXOOOOOOX X,0
X X OXO XXOOOOXXOOOOXOXXX,0
 XOXO X X    X OO X  OXO ,1
OXO XXOXXX XO X XO OX OOO,1
XOOXOOX OOOXOXXXOOOXOXXXX,0
OOOXXXXOXXOXXXOOOXXOXOOXO,1
O XOXX OOXXXOXXOXXOOXXOOO,1
XXOXOXOO OOXOOXXXXOO XOX ,0
XO XXXOOX O  XOX XOXOOOOX,0
 XXOOOXO  OXOXXOOOXX OX X,0
     XO X XXX XOX OOOOOXO,0
 OXOOX XX OOOOOXOX XXO XX,0
OXOOXOOXXOOXOXXXXXOXOOOXX,1
X OXXXO   X XX XOO XOOOOO,0
OXXXXOOOO XXXOXXXOXOOOOOX,0
OXXXXXOOOXXXXXOXOOXOOOOXO,1
OOX  X  OOOXOXXOOXXXO OXX,0
O   XX  XXXOOX OXXO XOO O,1
OOOOXO  XXOXXX X XXOXOXOO,1
 OXXXOX XXOOOOOOOX XOXOXX,0
XO XX OOOX XXXOOOOO  OXXX,0
XXOXOX XOOOOXOX XX XOX OO,1
OXOOXXXOOXXXXXOXOOXOXOOOX,1
XOXOXXXXOXXOOXOOOOXOOXXOX,1
O XXXOXOOOOX XXOXXOXOXXOO,1
OXXOOXOOOXOXOXXX OXOOXXXO,0
XXXOXOXOOOXXOXOXXOXOXOOOX,1
OOOOXOOXOXXXXXOXXOOXOXOXX,1
OXOXXOXOOOOXXXXXXXOXOOXOO,1
XXOXXOXOXOOXOXOXXOOXXOXOO,1
OXOOOOXOXXXXXOXOOOOXXXOXX,1
OOOXOX OOX XOXXOX XOXXOOX,0
O XXOOXXXXOXOOOOOXXXOXXOO,0
OO X XO XX  X O XOXOX  O ,1
OXXXXXXX  OOXOOXOXXO OOOO,0
XOX OXOXOOOOX OOXOXXXXXOX,1
XXXXOXOOXXOOXOXXOXOOXOXOO,1
OX XOXXXXO X O O OOXOOXXO,0
X XXXXX  OX  O  OO XOO OO,0
 OXOOX XOXXOXXXOOXXXOOXOO,1
XXXXOOXOOOXXXOXXOOXXXOOOO,1
XOOOXXOO XXO XOX  OXXXO  ,1
 XXX  X XX  XOOOOOOOOXOX ,0
 XO  X XXX XX O OOO OO   ,0
X OOOOXOXX O   O O XXXXOX,0
XOOOXOXOXOOOXXOXXOOXXXOXX,1
XOOXOO XXXXX OOXOOXXXOOXO,1
OXXOXXXOOOXOXOXXOXXXOO OO,0
OXXXOXOOXXOXOXOOOXXXXOOOX,1
XXXXOOX XXOXXOOXOXXOOOOOO,0
XOXOXXOX OOOXXXOXO XXXOOO,1
XO OOX XOXOOOOX XOXXX XO ,0
OOXXX OOOXXOOXOX OXXOXOXX,1
OOXXOXOXXOXOOOXXXOXO OXXO,0
OOXXXXX  OOXO O X OXOOOXX,0
OOXXOXOX XO XO OX  XOXOX ,1
OOXXX XXOXO OOXO OXXO XOX,1
OX  OX   OXOX OXX O OXXXO,1
 OOXX XXX OOXX O XOOOXX O,1
OOXXXO XX OO X  OXXX OOOX,1
X OXOX X    XX OOXOOXOO  ,0
XOOOXOXOX  OOXXXXOOXXXOXO,1
OXXOXXOXOX  OXOX OX XOXOO,1
XOXOOOXOXXOOOXXXX XOOX  O,0
X OOOXO OXO X XO XX    XO,0
XOO XXOOXXOXOOOO X OXXX  ,0
OXX XXXOX   OXOXXXOOXOOOO,1
OOOXXOXOOXOXOXXXOXXOOOXXX,1
XX OOOXXOOOXX O X XOOX X ,1
XOXOOOXXXXXOOOXXOOOXOXXOX,1
O   XOXOXXOXX XXOX  XOOOO,1
 XXOXOOOOOXOXXXXOOXX  XOO,0
OOOOOXOX X XXXOO   OOXXXX,0
OXXOXOOXXXXOXOXOOOOXXOXXO,1
X OXOOOOXXOXXO XOXOXX  OX,1
XXOXXXOOXXOO OXOXXXXOOOOO,0
OX XOOOX X XOOXOOXOXXXXOO,0
X OO XOOOXXXXOOOXXXX OO X,1
OXXOXXOOOXOXOOXXOOXOXXXOX,1
XXOXOOX XOXOXOOXXOXOOXX O,1
XXOOXOXXXOOXX XXOXXOOOOOO,0
OO XX X OXOX XXOOXOOO XX ,1
OOOOXOXOOOXXOXOXXXXO   XX,0
OOXXXXOOOXXXOOXOXOOXXOXOX,1
OOXXOXXOXXXOXXOOOXXXOOOOX,1
OXOXOOXXOXXOXO XOOOXOXOXX,0
OOXOOXXXXXOXXXOOOXOOOXOXX,1
OO X  XOXXOXOXOX OXOXOXOX,1
XX OXX  OO XXOXOOO    XO ,0
OXXXXOXOOXOOXXO OXXO OOXX,1
XXOOO OXOXOOOXXXXXOOXXXOO,0
OXOOOXXOXX XXX X OXOOOXO ,1
OXOOXXOXOOXOXXOXXOOXXOXOX,1
XXOOOXOOXOXOXOXXOOXOXXXOX,1
XXO XOXOXXO OX O XO O XXO,1
XXXXX O XXXXXO OOXOOOOOOO,0
XX  XOX  OXOOO X XX XOOO ,1
OOOXOXXOXOXXOXOXXXXOXXOOO,1
OO XOXO OXXOO XXXXXOOXOOX,0
XOOOOOXOO  XOXXX  XO XXOX,0
X O OXXOX XX OOXXO XOOOOX,0
 X OO XOX X OOOX X OX   X,1
XXOXO XOXOOXXOXOOOOXOXOXX,0
OOO XXXXXXOXOXOOO XO X XO,1
XO  OXXOO OXOX  X   OXXXO,1
   XO OXX  X  O X XOXO  O,1
XOOOXXOXOOXXOXXXOOOXXXOXO,1
OXXOXXOOXO XX O OXOOXXXO ,1
OOXOXXOXOXXOXOOXOXOXXOXOX,1
XXOXXXO OXOXOXOOXX OOXOOX,1
XXXXXXOXOO OOO O      X O,0
    XOOO X O XXO  X   OXX,1
OOOOXOXOOXXOO XXXXXXXO XO,1
OXXOXO XO OX  X XOXOXXO O,1
OOXOXXOOOXOXOXXXXOOXOXOXX,1
OOOOOXOXOOXXOOXX OXXXXOXX,0
XXOOXXX O  XOXX X O XOOOO,1
   XX O OX   XO XXO   XOO,1
OOOXXXOXOXXOXOOOOX X XXXO,1
OXOO OXXXX XOO OXOOOXX XX,1
XOOOOXO XXXOO XXX  XXO O ,1
OOXX XOXXOX OO OOX OXOXX ,0
 X   OOOXX XOOO OOX XXXOX,0
OOOOOOXXXXOXOOXXOXOXXX XO,0
XO OX XOOX OXX O X   XOOX,1
 OOXX  O XX OXO  OXOXOXX ,1
  XOOOO O XOOOXXXXXXX O  ,0
OX X X X OO X OO X  OX OX,1
OXOOXX XXXXX OXOOOXO O XO,1
O XOXXXOOOOXOOXXXOOXOOXXX,0
   X   X   XO OX    XOO  ,1
XXXOOOOXOXXOXOXOX OOX XOX,1
OOX O OXXOXO XXXOOXOXX XO,1
XOXXOOOOXXOOXXOOXOXXOXXOX,1
OOOXXOOXXOXOOXXXXOOXXOXXO,1
XOOXXXXOO XXXOOOOOOOXXXOX,0
OXXXOXXX OOOOXXO OOOX OXX,0
XOOO   XOO OOXXO XXX  OXX,0
 XOOXXXX XXOXOOOXOXOXOOOX,1
OOOXXX OOOX XXXXO     OOX,0
XXOOXOOXOOOXXOXXOOOXXX   ,0
OOXOXXXOOOXXOXOOOXX XOXXO,0
O OOX OXXX  XOXXO OXO XXO,1
OOOOXXXOXOXXO XXOOOXXXXOO,0
XOOXOOOXXXX OOXO OXO  XXX,1
X O XXX OOX XX OOOOO OXX ,0
  XOO  O XXOX OOOXXX XXOO,0
  OX O X OO XXX  OX O  X ,1
OXXX XXXXOXOOXOOXOXOOXOOO,0
XOXO O XXXX  XOOO X XOOXO,1
 O  XXO  X OXX   OXOO X  ,1
OXOOOOXO XOOXXXXXOXO OXX ,0
 XXOOOOXOOXXOXOXXXXO OOXX,1
OO OXOOOXOOOOXOXXXXX XXXX,1
OXXXXXOOXOXOOOOXXOXOXOOXX,1
X X X OXOXOO OXO XXO OX  ,1
OXXXOOXOOOXOXO XXOOXOXX X,1
O  OXOXXXOX    X OOXXXO O,1
OO  XXOO XOXOXXOO X XOXX ,1
  OOXXXXX OOOXOXXX  XO OO,1
XOOXXXOOXOX XOOOXOXXXO OX,1
OOXXOXOXOXXOOXXOXOOXOX   ,0
X XXOXOOXOXOOXOOXOOX   X ,0
OX XXXXOOXOO  XOOOXXX XOO,1
XXXXX OOOXOOOOOXXXOXXOXOO,0
OXOOXXX OOOXXXXXOXXXOOOOO,0
X OXXXOOX OXOOOOXX OX  OX,0
XOXOOOOXOXOXOXOXOXOXXXXXO,1
